,ISIC,Asymmetry,Compactness,Color,Melanoma
0,ISIC_0000000,0.21,1.195,4981.694419478786,0.0
1,ISIC_0000001,0.08,0.84,1021.4219886450644,0.0
2,ISIC_0000002,0.14,0.7023,2464.83316939075,1.0
3,ISIC_0000006,0.15,0.7567,1300.831610879135,0.0
4,ISIC_0000007,0.23,1.0184,1599.483817339232,0.0
5,ISIC_0000008,0.11,0.8546,2916.684861308772,0.0
6,ISIC_0000009,0.23,0.8278,1482.9323248808869,0.0
7,ISIC_0000010,0.14,0.9547,526.1674936024541,0.0
8,ISIC_0000011,0.13,0.8568,2797.271976617323,0.0
9,ISIC_0000013,0.18,0.933,5335.066566941573,1.0
10,ISIC_0000016,0.12,1.067,3151.487486200576,0.0
11,ISIC_0000017,0.13,0.7666,1161.7116506095688,0.0
12,ISIC_0000019,0.1,0.9848,2345.1905370494296,0.0
13,ISIC_0000020,0.17,0.639,1332.935337211023,0.0
14,ISIC_0000021,0.22,0.483,818.3945868210975,0.0
15,ISIC_0000022,0.15,1.1561,1121.803464482182,1.0
16,ISIC_0000023,0.13,0.8456,787.5561273875086,0.0
17,ISIC_0000025,0.13,0.4524,604.6069696805572,0.0
18,ISIC_0000026,0.2,1.0766,549.0294404860298,1.0
19,ISIC_0000027,0.08,0.6927,676.2126802580998,0.0
20,ISIC_0000029,0.1,0.7906,6544.624844721344,1.0
21,ISIC_0000030,0.13,1.1442,3456.407854875249,1.0
22,ISIC_0000032,0.09,1.0563,1392.6538122776972,0.0
23,ISIC_0000034,0.16,0.7176,2095.0750463785557,0.0
24,ISIC_0000035,0.11,0.7607,1840.251602102023,1.0
25,ISIC_0000038,0.17,0.6853,3556.8046517944663,0.0
26,ISIC_0000039,0.05,0.9071,3942.8677223111786,0.0
27,ISIC_0000040,0.18,0.6112,718.677994868895,1.0
28,ISIC_0000041,0.17,0.9156,843.9697083923999,0.0
29,ISIC_0000046,0.17,0.5848,1183.8941558804406,1.0
30,ISIC_0000048,0.15,0.7997,2301.777684118256,0.0
31,ISIC_0000049,0.13,1.7545,1977.7989158538649,1.0
32,ISIC_0000052,0.07,0.8385,3099.621721128237,0.0
33,ISIC_0000053,0.08,0.4759,1926.42894852866,0.0
34,ISIC_0000054,0.14,0.7038,937.4977725645286,1.0
35,ISIC_0000055,0.23,0.9073,1303.9222875914145,0.0
36,ISIC_0000056,0.15,0.5933,983.4470347921008,1.0
37,ISIC_0000057,0.12,0.9878,1338.1663943959572,0.0
38,ISIC_0000059,0.14,1.0384,2087.843895026746,0.0
39,ISIC_0000061,0.08,0.705,2278.181649444088,0.0
40,ISIC_0000062,0.13,0.6713,743.2990310322963,0.0
41,ISIC_0000063,0.12,0.7275,3788.387934285433,0.0
42,ISIC_0000064,0.11,0.8263,3270.17457676098,0.0
43,ISIC_0000065,0.24,0.7006,2499.836899819768,0.0
44,ISIC_0000066,0.13,0.8314,5240.519062838218,0.0
45,ISIC_0000067,0.08,0.8544,2248.9362744753385,0.0
46,ISIC_0000068,0.1,0.8763,4524.48345197591,0.0
47,ISIC_0000069,0.13,0.8673,1681.7301302697606,0.0
48,ISIC_0000073,0.16,0.9496,4894.751361844698,0.0
49,ISIC_0000075,0.07,1.0537,3691.3736666706486,0.0
50,ISIC_0000079,0.17,0.5543,1294.7021359036542,0.0
51,ISIC_0000159,0.11,1.1579,4328.4391551068775,1.0
52,ISIC_0000166,0.1,0.8144,3987.818336031964,1.0
53,ISIC_0000172,0.18,0.6706,3575.3431331928973,1.0
54,ISIC_0000174,0.21,1.2055,1707.1486621921729,1.0
55,ISIC_0000176,0.13,0.7533,835.5932487479628,1.0
56,ISIC_0000181,0.12,1.6065,2553.715722061402,0.0
57,ISIC_0000184,0.13,1.2312,2129.6175046747426,0.0
58,ISIC_0000185,0.14,1.1089,2317.999766390942,0.0
59,ISIC_0000190,0.17,1.1541,3698.032039867877,0.0
60,ISIC_0000192,0.21,1.0619,2349.50620229698,0.0
61,ISIC_0000193,0.21,1.3052,1494.9108639659942,0.0
62,ISIC_0000196,0.16,0.6106,2555.485812354425,0.0
63,ISIC_0000197,0.13,0.5646,2620.281646499426,0.0
64,ISIC_0000202,0.12,1.5501,2059.1143106156,0.0
65,ISIC_0000203,0.12,3.0996,2063.5102998431826,0.0
66,ISIC_0000206,0.15,0.5376,2024.3289912762705,0.0
67,ISIC_0000209,0.1,1.3602,2583.0339344692857,0.0
68,ISIC_0000211,0.06,1.3694,1814.500037109273,0.0
69,ISIC_0000212,0.12,1.7382,4981.172593256025,0.0
70,ISIC_0000213,0.17,0.8303,3274.758568215007,0.0
71,ISIC_0000220,0.14,1.0588,1635.0563979978897,0.0
72,ISIC_0000221,0.06,1.4789,2358.8174430641848,0.0
73,ISIC_0000222,0.1,0.847,3735.7948300941607,0.0
74,ISIC_0000223,0.19,0.5964,2036.4743057084183,0.0
75,ISIC_0000224,0.09,2.3154,3524.693910214133,0.0
76,ISIC_0000225,0.11,0.9044,1936.0434359160447,0.0
77,ISIC_0000227,0.07,1.0043,3637.099575334259,0.0
78,ISIC_0000231,0.11,0.827,3530.247707266679,0.0
79,ISIC_0000233,0.13,1.114,2644.4445871450625,0.0
80,ISIC_0000235,0.09,1.7228,2422.290330005391,0.0
81,ISIC_0000239,0.12,1.2439,8003.302856489827,0.0
82,ISIC_0000240,0.09,1.0908,775.8998328123544,0.0
83,ISIC_0000246,0.11,0.6131,496.35205787678206,0.0
84,ISIC_0000251,0.15,1.3267,1926.403115507077,0.0
85,ISIC_0000253,0.18,1.0184,1349.7169857921328,0.0
86,ISIC_0000254,0.08,1.3326,1953.9389184455813,0.0
87,ISIC_0000255,0.12,0.8123,1539.9705851256494,0.0
88,ISIC_0000259,0.14,2.5083,417.6286025923533,0.0
89,ISIC_0000261,0.05,1.0986,654.4732595480501,0.0
90,ISIC_0000262,0.17,0.7393,413.8051279535136,0.0
91,ISIC_0000263,0.15,0.8808,2422.943213361574,0.0
92,ISIC_0000264,0.15,0.9777,2010.3848812011256,0.0
93,ISIC_0000265,0.17,1.0724,530.6703277326361,0.0
94,ISIC_0000268,0.16,1.1683,365.93472792330925,0.0
95,ISIC_0000274,0.15,1.1725,5536.37091594066,0.0
96,ISIC_0000275,0.2,1.2448,4344.330449540791,0.0
97,ISIC_0000278,0.15,1.4004,365.32539344308174,1.0
98,ISIC_0000282,0.11,1.3969,2820.0846774917286,1.0
99,ISIC_0000288,0.12,1.8101,2372.083609152628,1.0
100,ISIC_0000290,0.2,1.0052,4601.266522327584,1.0
101,ISIC_0000292,0.11,1.1018,957.324116364564,1.0
102,ISIC_0000295,0.11,1.2031,1241.4778356103673,1.0
103,ISIC_0000297,0.05,1.4079,2752.349685602104,1.0
104,ISIC_0000300,0.14,1.1152,2484.0406309565365,1.0
105,ISIC_0000302,0.21,1.8036,2699.0183188340648,1.0
106,ISIC_0000307,0.18,1.8904,2502.8341008163584,1.0
107,ISIC_0000310,0.09,1.2684,1813.8356543611133,1.0
108,ISIC_0000311,0.12,1.3827,1616.6281782726255,1.0
109,ISIC_0000314,0.08,0.9719,3929.021677488836,1.0
110,ISIC_0000315,0.22,1.3382,2039.6474031623975,0.0
111,ISIC_0000316,0.21,1.1389,1950.4428734938772,0.0
112,ISIC_0000317,0.16,1.9591,1770.8239003876615,0.0
113,ISIC_0000326,0.14,1.0786,986.3029705178232,0.0
114,ISIC_0000328,0.18,1.3389,1868.2294405730745,0.0
115,ISIC_0000329,0.09,1.3464,2509.3631640067847,0.0
116,ISIC_0000330,0.17,1.2875,3748.237971549888,0.0
117,ISIC_0000336,0.19,1.3551,1400.5915075798737,0.0
118,ISIC_0000354,0.15,0.8153,2331.3936884744694,0.0
119,ISIC_0000357,0.13,1.2577,2108.41573484601,0.0
120,ISIC_0000360,0.07,1.3985,1084.5849427172172,0.0
121,ISIC_0000363,0.28,1.2718,2966.349106440082,0.0
122,ISIC_0000365,0.08,1.3727,2173.366317408028,0.0
123,ISIC_0000366,0.22,0.7757,1631.9735231340794,0.0
124,ISIC_0000368,0.08,1.608,3315.601203421082,0.0
125,ISIC_0000371,0.15,1.328,3008.6551425217745,0.0
126,ISIC_0000372,0.16,1.3721,2149.713836256046,0.0
127,ISIC_0000900,0.12,1.2867,876.5492972300872,0.0
128,ISIC_0000999,0.11,0.4678,1599.069816354816,0.0
129,ISIC_0001102,0.14,0.607,3086.508488464285,1.0
130,ISIC_0001140,0.13,0.7736,5603.762063972156,1.0
131,ISIC_0001142,0.21,1.0319,1805.76055223704,1.0
132,ISIC_0002107,0.09,0.9536,1103.560120714564,0.0
133,ISIC_0002453,0.17,0.806,258.6845961482314,0.0
134,ISIC_0002459,0.16,1.4017,848.1532056553052,0.0
135,ISIC_0002469,0.16,0.718,1139.4605950732018,0.0
136,ISIC_0002476,0.23,1.1874,553.4114769287524,0.0
137,ISIC_0002488,0.12,0.6731,731.7300524714777,0.0
138,ISIC_0002489,0.13,0.7338,622.154452511601,0.0
139,ISIC_0002616,0.12,1.1452,1147.2203093569608,0.0
140,ISIC_0002647,0.15,0.3537,459.6046212314116,0.0
141,ISIC_0002780,0.15,1.1486,539.9586323330881,0.0
142,ISIC_0002948,0.15,0.6068,1115.5147951503284,0.0
143,ISIC_0002975,0.06,0.6863,1248.1470987876144,0.0
144,ISIC_0002976,0.15,0.7108,1045.1888537665338,0.0
145,ISIC_0003005,0.22,1.0528,1530.54261542786,0.0
146,ISIC_0004166,0.1,1.2085,521.8949170819398,0.0
147,ISIC_0004168,0.12,1.3759,555.8388131514906,0.0
148,ISIC_0004309,0.19,1.1698,592.717071514001,0.0
149,ISIC_0005000,0.08,0.6565,959.038000838138,0.0
150,ISIC_0005187,0.16,0.3236,203.7620137465177,0.0
151,ISIC_0005639,0.14,1.2181,935.24271212554,0.0
152,ISIC_0005666,0.22,1.1383,1585.3447628215088,0.0
153,ISIC_0006021,0.28,1.0593,751.9975805665026,0.0
154,ISIC_0006612,0.1,1.2203,584.8627877600226,0.0
155,ISIC_0006982,0.21,1.1642,578.4915393909145,0.0
156,ISIC_0007087,0.23,0.7106,681.3784164337384,0.0
157,ISIC_0007693,0.23,0.6019,186.8472885338176,0.0
158,ISIC_0007760,0.07,1.4836,912.2213171184176,0.0
159,ISIC_0008029,0.18,1.1615,713.1977186940439,0.0
160,ISIC_0008145,0.24,0.6626,739.8005303769736,0.0
161,ISIC_0008207,0.2,0.5269,616.430935834983,0.0
162,ISIC_0008256,0.26,0.9218,1647.9809391469933,0.0
163,ISIC_0008406,0.21,0.7396,1257.3025757044954,0.0
164,ISIC_0008507,0.14,0.708,982.8943384525544,0.0
165,ISIC_0008600,0.2,0.6518,710.8837311281018,0.0
166,ISIC_0008626,0.2,0.2881,1287.8885338342625,0.0
167,ISIC_0008785,0.08,1.1982,507.3299594398703,0.0
168,ISIC_0009165,0.1,0.5119,673.5399195667852,0.0
169,ISIC_0009252,0.12,0.7136,465.019340278749,0.0
170,ISIC_0009297,0.06,1.249,516.068434586529,0.0
171,ISIC_0009430,0.15,1.3095,836.759065224736,0.0
172,ISIC_0009504,0.18,1.0816,516.5823856487209,0.0
173,ISIC_0009564,0.1,0.8527,650.6377099549386,0.0
174,ISIC_0009860,0.23,0.5174,584.3457743104162,0.0
175,ISIC_0009868,0.19,1.1001,602.2857772587221,1.0
176,ISIC_0009869,0.16,1.4032,411.4068107396975,0.0
177,ISIC_0009870,0.09,1.4438,395.8159141150168,0.0
178,ISIC_0009872,0.14,1.227,255.12913464665863,0.0
179,ISIC_0009873,0.24,0.5855,364.7357434059142,0.0
180,ISIC_0009875,0.25,0.9889,1041.6837974567436,0.0
181,ISIC_0009877,0.08,0.7361,1007.7234681993478,0.0
182,ISIC_0009879,0.24,1.2336,123.81536773572512,0.0
183,ISIC_0009880,0.11,1.3684,1396.5261018632723,0.0
184,ISIC_0009881,0.13,0.7851,799.5611417690083,0.0
185,ISIC_0009882,0.1,0.9188,1316.5113818068291,1.0
186,ISIC_0009883,0.14,0.8012,1090.354326631043,0.0
187,ISIC_0009884,0.09,0.9579,463.56963637156224,0.0
188,ISIC_0009888,0.22,0.6881,499.8361270319454,0.0
189,ISIC_0009889,0.14,0.8347,583.0758533739005,0.0
190,ISIC_0009891,0.22,0.859,566.4518239729476,0.0
191,ISIC_0009897,0.16,0.9228,2719.523603438387,1.0
192,ISIC_0009899,0.25,1.1702,232.71600027842533,0.0
193,ISIC_0009901,0.1,0.6818,929.3310535475324,0.0
194,ISIC_0009902,0.08,1.0703,530.895394514187,0.0
195,ISIC_0009906,0.13,0.7972,569.6380765805295,0.0
196,ISIC_0009909,0.16,1.1857,468.2244847072213,0.0
197,ISIC_0009910,0.17,0.921,1576.925503425612,1.0
198,ISIC_0009911,0.04,1.4543,914.3316478021602,0.0
199,ISIC_0009912,0.07,1.4338,293.3867126123567,0.0
200,ISIC_0009914,0.32,0.7898,965.8158356546696,0.0
201,ISIC_0009917,0.17,0.9085,474.480695573389,0.0
202,ISIC_0009919,0.19,1.0174,1079.4427605874928,0.0
203,ISIC_0009923,0.14,0.7379,846.9034903590294,0.0
204,ISIC_0009925,0.11,1.2722,639.557282942505,0.0
205,ISIC_0009929,0.19,1.1501,598.9811113787133,0.0
206,ISIC_0009930,0.18,0.9173,548.8679920571152,0.0
207,ISIC_0009931,0.13,0.7608,1590.7835201533333,0.0
208,ISIC_0009932,0.27,0.5888,1473.0132329298842,0.0
209,ISIC_0009933,0.06,1.2367,2297.4034066547592,0.0
210,ISIC_0009936,0.17,1.2167,196.55731050312383,0.0
211,ISIC_0009937,0.29,1.212,167.43896062609136,0.0
212,ISIC_0009941,0.11,0.8835,616.7526239577579,0.0
213,ISIC_0009947,0.15,1.4448,482.6793731426389,0.0
214,ISIC_0009954,0.12,1.2601,421.9661819768888,0.0
215,ISIC_0009955,0.24,1.1011,522.8336210536618,1.0
216,ISIC_0009960,0.16,0.9496,397.9463604676007,1.0
217,ISIC_0009961,0.15,1.0676,473.4972816409288,0.0
218,ISIC_0009963,0.21,0.785,344.57101502819586,0.0
219,ISIC_0009964,0.15,0.9663,418.9117555197247,0.0
220,ISIC_0009967,0.14,0.9329,884.4480907907115,0.0
221,ISIC_0009968,0.13,1.1594,232.0361702007671,0.0
222,ISIC_0009971,0.16,0.9091,251.37047959837292,1.0
223,ISIC_0009972,0.1,1.1396,789.3917001199875,0.0
224,ISIC_0009976,0.13,1.2443,396.3237559276378,0.0
225,ISIC_0009979,0.14,1.373,830.4355248765745,0.0
226,ISIC_0009981,0.11,0.966,554.2503566920765,0.0
227,ISIC_0009982,0.09,1.2984,1044.722571981896,0.0
228,ISIC_0009987,0.24,1.1491,1362.457406974906,0.0
229,ISIC_0009993,0.16,0.6726,1489.1011479109118,1.0
230,ISIC_0010000,0.2,0.7183,545.4411700020661,1.0
231,ISIC_0010015,0.13,0.6778,846.0985689428036,0.0
232,ISIC_0010019,0.19,0.6456,1319.4480198424371,0.0
233,ISIC_0010022,0.21,1.1502,1505.5503019266714,0.0
234,ISIC_0010028,0.09,0.9076,679.3344658571194,0.0
235,ISIC_0010029,0.31,1.1926,384.0187347856634,1.0
236,ISIC_0010034,0.12,0.7984,975.505279102774,1.0
237,ISIC_0010044,0.04,1.4437,1018.8703371652514,0.0
238,ISIC_0010046,0.27,1.1765,185.3329990992864,0.0
239,ISIC_0010051,0.09,1.9261,265.5302423521288,0.0
240,ISIC_0010053,0.1,0.9729,211.91585477445537,0.0
241,ISIC_0010054,0.25,1.3697,224.7330652451998,1.0
242,ISIC_0010055,0.07,1.3431,427.8567982695245,0.0
243,ISIC_0010057,0.14,1.8759,462.8891473527603,0.0
244,ISIC_0010058,0.14,0.8517,579.1914771398289,0.0
245,ISIC_0010059,0.19,0.7133,335.20171993153684,0.0
246,ISIC_0010060,0.21,1.0923,257.7276821206922,0.0
247,ISIC_0010061,0.13,0.9289,600.1715658215736,0.0
248,ISIC_0010062,0.13,1.2779,848.5033523044664,0.0
249,ISIC_0010063,0.14,3.3627,1450.5644206341187,0.0
250,ISIC_0010069,0.15,0.9385,395.05724939320606,0.0
251,ISIC_0010074,0.16,1.0808,418.1135437894232,0.0
252,ISIC_0010075,0.12,1.4933,712.5217748490146,0.0
253,ISIC_0010080,0.12,0.8597,1570.2609018371984,1.0
254,ISIC_0010086,0.23,0.5626,1218.7500348266483,0.0
255,ISIC_0010087,0.17,0.9009,247.9199795436245,0.0
256,ISIC_0010088,0.11,0.9348,405.5764501951821,0.0
257,ISIC_0010089,0.12,1.1986,483.4432115344604,1.0
258,ISIC_0010090,0.1,1.038,296.052948806402,0.0
259,ISIC_0010093,0.29,1.3185,469.92786778599634,0.0
260,ISIC_0010094,0.18,0.8626,2127.3737387181923,1.0
261,ISIC_0010100,0.17,1.2311,886.3297495210212,0.0
262,ISIC_0010105,0.08,1.4039,1046.5907965949434,0.0
263,ISIC_0010168,0.16,0.733,1727.563039662368,0.0
264,ISIC_0010177,0.13,1.0038,1503.8844885196888,0.0
265,ISIC_0010180,0.13,1.637,205.4582422871204,0.0
266,ISIC_0010182,0.29,0.6521,462.84323590650143,0.0
267,ISIC_0010184,0.27,0.4111,855.613043987238,0.0
268,ISIC_0010186,0.19,1.1858,300.58121260707566,0.0
269,ISIC_0010187,0.17,0.7123,1872.490885564189,0.0
270,ISIC_0010193,0.12,1.2542,270.4336133350685,0.0
271,ISIC_0010215,0.15,1.2191,444.3888523971276,0.0
272,ISIC_0010219,0.11,1.2485,180.70178061298336,0.0
273,ISIC_0010220,0.13,0.8079,1246.579518927986,0.0
274,ISIC_0010225,0.12,0.7584,404.1261898101717,1.0
275,ISIC_0010227,0.18,0.6806,592.6296812422906,0.0
276,ISIC_0010229,0.13,0.8712,1487.9115222113153,0.0
277,ISIC_0010231,0.19,0.9427,691.66601313806,1.0
278,ISIC_0010233,0.14,1.267,1706.0376102773257,0.0
279,ISIC_0010236,0.33,0.7177,1001.3580696231826,0.0
280,ISIC_0010237,0.19,1.2613,1006.0600343767396,0.0
281,ISIC_0010240,0.2,0.425,408.0302617945263,1.0
282,ISIC_0010244,0.18,1.5009,411.9734853743997,0.0
283,ISIC_0010247,0.17,0.57,1069.0572507996028,0.0
284,ISIC_0010248,0.07,1.3238,276.6080600481294,0.0
285,ISIC_0010251,0.16,1.0301,942.459505391146,1.0
286,ISIC_0010254,0.08,1.4375,248.6610117325506,0.0
287,ISIC_0010255,0.1,1.1409,225.29145384119943,0.0
288,ISIC_0010256,0.09,1.1023,267.01383522972566,0.0
289,ISIC_0010257,0.08,1.3622,349.78798256804083,0.0
290,ISIC_0010261,0.2,0.5504,509.7403417374844,0.0
291,ISIC_0010262,0.09,0.8596,820.9379784162184,0.0
292,ISIC_0010264,0.11,1.3659,967.9738142173572,0.0
293,ISIC_0010265,0.19,0.5278,653.5320090414996,1.0
294,ISIC_0010267,0.17,1.1529,546.1318701726872,1.0
295,ISIC_0010317,0.1,0.8529,402.8766561048288,0.0
296,ISIC_0010326,0.19,1.2068,328.6950548779068,0.0
297,ISIC_0010327,0.09,1.5209,2139.50147050388,0.0
298,ISIC_0010336,0.13,1.086,1009.7517977234568,0.0
299,ISIC_0010337,0.12,1.2724,717.3472096791005,0.0
300,ISIC_0010339,0.21,0.725,870.8670717224628,0.0
301,ISIC_0010344,0.2,0.7173,816.0779965812914,0.0
302,ISIC_0010350,0.08,0.817,1382.1056101698407,1.0
303,ISIC_0010351,0.15,0.7956,979.704171699906,0.0
304,ISIC_0010365,0.23,0.7645,1039.9532315404476,0.0
305,ISIC_0010367,0.11,1.2694,552.8842401581936,0.0
306,ISIC_0010370,0.07,1.4913,411.8766691471721,0.0
307,ISIC_0010382,0.13,4.4919,441.7766430251818,0.0
308,ISIC_0010435,0.29,0.585,720.674705112577,0.0
309,ISIC_0010442,0.06,0.9122,1301.3422964644346,0.0
310,ISIC_0010443,0.13,0.9386,1121.497836681446,0.0
311,ISIC_0010444,0.21,0.8189,112.12471373961849,0.0
312,ISIC_0010447,0.15,1.0907,1205.584502090555,0.0
313,ISIC_0010448,0.1,1.4914,268.4992822296637,0.0
314,ISIC_0010449,0.13,1.107,1366.9178608360708,0.0
315,ISIC_0010455,0.3,1.0931,1750.675570401644,0.0
316,ISIC_0010456,0.1,0.7959,596.7363102125047,0.0
317,ISIC_0010458,0.17,0.8343,167.41182673171204,0.0
318,ISIC_0010460,0.07,1.3802,883.0373230042142,0.0
319,ISIC_0010461,0.18,0.5831,758.2940063271359,0.0
320,ISIC_0010468,0.13,0.588,479.06338547691456,1.0
321,ISIC_0010471,0.09,0.9583,1557.184469117484,0.0
322,ISIC_0010472,0.14,0.8445,1436.165695052884,0.0
323,ISIC_0010473,0.28,0.6029,999.6271212425768,0.0
324,ISIC_0010474,0.25,0.9305,1519.8581072217448,0.0
325,ISIC_0010475,0.16,0.6484,224.290773684423,0.0
326,ISIC_0010476,0.16,0.4958,270.0566509593213,1.0
327,ISIC_0010477,0.16,2.1334,650.986700436746,0.0
328,ISIC_0010479,0.18,1.1903,339.3346967988279,0.0
329,ISIC_0010480,0.13,1.5486,1317.3758347335818,0.0
330,ISIC_0010481,0.14,0.9139,591.0219447182502,0.0
331,ISIC_0010490,0.09,1.169,236.33080658705853,0.0
332,ISIC_0010493,0.11,0.6513,2683.9627076035576,0.0
333,ISIC_0010554,0.28,0.5714,553.5707088319476,0.0
334,ISIC_0010557,0.12,0.7535,233.1981996720282,0.0
335,ISIC_0010566,0.11,1.2466,482.0098748658263,0.0
336,ISIC_0010567,0.11,0.7579,658.7725455985759,0.0
337,ISIC_0010568,0.18,0.9099,855.6186926203294,0.0
338,ISIC_0010570,0.34,0.8313,2023.926007891012,0.0
339,ISIC_0010571,0.07,0.9719,2194.8991122267166,0.0
340,ISIC_0010581,0.2,0.6104,607.8052268394812,0.0
341,ISIC_0010584,0.13,1.7792,300.5116517791428,0.0
342,ISIC_0010586,0.2,0.8457,511.12103768133767,0.0
343,ISIC_0010590,0.13,1.1186,712.3249080468036,0.0
344,ISIC_0010597,0.13,0.8702,1692.4709377076103,1.0
345,ISIC_0010598,0.05,1.0079,466.1197209018903,0.0
346,ISIC_0010851,0.27,0.5855,870.8339695051591,0.0
347,ISIC_0010852,0.17,0.9198,683.898323156411,1.0
348,ISIC_0010856,0.15,0.6599,440.3716842493089,0.0
349,ISIC_0010857,0.1,2.4846,366.15911380469817,0.0
350,ISIC_0010858,0.07,1.2681,450.4512285699463,0.0
351,ISIC_0010861,0.14,0.8575,281.1927771402723,0.0
352,ISIC_0010862,0.05,1.1661,748.6208063582844,1.0
353,ISIC_0010864,0.24,0.7348,1659.7430569590372,0.0
354,ISIC_0011079,0.27,0.8148,1329.1092343914172,0.0
355,ISIC_0011082,0.19,1.0367,424.9663380333521,0.0
356,ISIC_0011083,0.07,1.098,488.39110271716,0.0
357,ISIC_0011085,0.13,1.4002,1086.4456091864697,0.0
358,ISIC_0011102,0.08,1.1763,609.8508638223979,0.0
359,ISIC_0011107,0.07,1.161,1488.936164764209,0.0
360,ISIC_0011123,0.13,0.6986,1034.10383441626,0.0
361,ISIC_0011127,0.14,0.7129,609.154158231814,0.0
362,ISIC_0011135,0.16,0.6816,1955.365403081142,1.0
363,ISIC_0011140,0.17,0.8707,385.0916401660045,1.0
364,ISIC_0011157,0.1,0.9341,1000.9261211302728,0.0
365,ISIC_0011162,0.16,0.5508,172.26993761331877,0.0
366,ISIC_0011163,0.22,1.4447,1044.6802513036898,1.0
367,ISIC_0011164,0.17,0.3841,358.0794304877082,0.0
368,ISIC_0011166,0.18,0.524,453.6660400858869,1.0
369,ISIC_0011167,0.14,1.3922,342.08870887234434,0.0
370,ISIC_0011168,0.13,0.9338,407.1251864264413,0.0
371,ISIC_0011171,0.17,0.9433,1029.7148236094995,0.0
372,ISIC_0011173,0.19,0.7761,299.1143869138253,0.0
373,ISIC_0011176,0.14,0.7444,1649.6900644877085,1.0
374,ISIC_0011199,0.11,0.9598,476.4439930978435,0.0
375,ISIC_0011203,0.12,1.1774,1217.0456077287065,0.0
376,ISIC_0011204,0.15,1.0812,432.7634557173333,0.0
377,ISIC_0011205,0.08,1.0321,1309.8375678795949,0.0
378,ISIC_0011207,0.11,1.7887,1420.3241749355602,0.0
379,ISIC_0011208,0.26,0.6339,485.3680514624978,0.0
380,ISIC_0011211,0.19,0.8477,2085.3422472367747,0.0
381,ISIC_0011212,0.22,1.0633,1485.9548439504615,0.0
382,ISIC_0011213,0.12,1.255,649.6533362545105,0.0
383,ISIC_0011214,0.22,0.804,1969.6604365170067,0.0
384,ISIC_0011215,0.14,0.9411,606.2288772165451,0.0
385,ISIC_0011218,0.07,1.3184,638.942222281609,0.0
386,ISIC_0011219,0.21,1.0378,882.5473132229694,0.0
387,ISIC_0011220,0.14,0.7962,196.43874969623744,0.0
388,ISIC_0011225,0.26,0.9563,812.8049101988881,0.0
389,ISIC_0011229,0.3,0.2773,1397.1237615192294,0.0
390,ISIC_0011230,0.19,0.7577,722.606861610047,0.0
391,ISIC_0011292,0.15,0.6273,912.9366646052596,0.0
392,ISIC_0011296,0.13,0.7072,264.82572717996123,0.0
393,ISIC_0011297,0.2,0.5928,426.90656293054144,0.0
394,ISIC_0011298,0.16,0.9949,1452.8175604640985,0.0
395,ISIC_0011300,0.12,1.5582,2942.5702152579597,0.0
396,ISIC_0011303,0.15,1.1763,644.2240943498468,0.0
397,ISIC_0011304,0.17,0.8101,619.889710230887,0.0
398,ISIC_0011317,0.13,0.9493,516.6097256871266,0.0
399,ISIC_0011321,0.18,0.9289,1206.753530797555,0.0
400,ISIC_0011322,0.3,1.3413,1161.4355457319227,0.0
401,ISIC_0011324,0.14,0.8048,1037.8489765944198,0.0
402,ISIC_0011327,0.24,0.9487,2127.0592494284483,0.0
403,ISIC_0011328,0.12,0.7193,586.6081934512032,0.0
404,ISIC_0011330,0.13,0.9408,1055.5918020623174,0.0
405,ISIC_0011339,0.21,0.7051,3671.0904780401215,0.0
406,ISIC_0011343,0.16,1.2827,441.2057584881283,0.0
407,ISIC_0011344,0.18,1.1887,377.71224306350496,1.0
408,ISIC_0011352,0.21,0.6195,1018.579745388061,0.0
409,ISIC_0011358,0.17,0.562,1047.3374721109435,0.0
410,ISIC_0011359,0.18,0.674,485.5831355417704,0.0
411,ISIC_0011362,0.28,0.6026,447.9489547993128,0.0
412,ISIC_0011367,0.04,1.9796,194.96375087124449,0.0
413,ISIC_0011387,0.18,1.3262,899.9055706096561,1.0
414,ISIC_0011393,0.18,0.6453,504.3506252755051,0.0
415,ISIC_0011397,0.19,0.9885,374.0359736214796,0.0
416,ISIC_0011398,0.13,1.3163,1218.7498089021967,0.0
417,ISIC_0012089,0.23,0.86,216.27605468573404,0.0
418,ISIC_0012090,0.16,1.0141,110.31682725513208,0.0
419,ISIC_0012094,0.13,1.163,103.62682418573476,0.0
420,ISIC_0012097,0.21,1.0289,435.6172825251357,0.0
421,ISIC_0012105,0.14,1.1189,527.7329125718677,0.0
422,ISIC_0012107,0.19,0.4029,1154.8054103672362,0.0
423,ISIC_0012116,0.24,1.2156,561.0275633650523,0.0
424,ISIC_0012118,0.18,1.0163,339.8855850266138,0.0
425,ISIC_0012135,0.1,0.3254,297.4172268730872,0.0
426,ISIC_0012141,0.12,0.7744,176.20791982840248,0.0
427,ISIC_0012150,0.06,1.1274,306.3259799190303,0.0
428,ISIC_0012156,0.21,0.8474,141.21293840526212,0.0
429,ISIC_0012164,0.26,1.2313,100.21309332301873,0.0
430,ISIC_0012167,0.16,1.1896,1346.4201730382576,0.0
431,ISIC_0012172,0.24,1.0748,262.7131831721906,0.0
432,ISIC_0012173,0.12,0.6538,275.16638849598473,0.0
433,ISIC_0012175,0.23,0.6638,198.5674502829576,0.0
434,ISIC_0012177,0.17,1.1204,208.9430969778626,0.0
435,ISIC_0012183,0.1,0.6682,463.6470652848595,0.0
436,ISIC_0012209,0.12,1.4201,1763.0772487795214,0.0
437,ISIC_0012211,0.16,0.706,240.89318616076483,0.0
438,ISIC_0012212,0.22,0.9929,142.3131402528904,0.0
439,ISIC_0012214,0.18,1.7125,154.26341982071213,0.0
440,ISIC_0012224,0.09,1.1905,303.75200863300364,0.0
441,ISIC_0012227,0.09,1.1906,223.9068158675326,0.0
442,ISIC_0012228,0.19,1.2112,143.64095791777774,0.0
443,ISIC_0012233,0.05,1.5424,145.66028887779393,0.0
444,ISIC_0012235,0.09,1.1912,174.6850722484012,0.0
445,ISIC_0012237,0.24,0.7106,170.86046488109386,0.0
446,ISIC_0012238,0.05,1.3542,195.57973569597857,0.0
447,ISIC_0012246,0.07,0.9061,553.5635755735022,0.0
448,ISIC_0012250,0.08,1.2301,669.385881270202,0.0
449,ISIC_0012261,0.16,1.1464,153.95427887679725,0.0
450,ISIC_0012285,0.11,0.3313,3342.5740705296303,0.0
451,ISIC_0012291,0.18,1.1202,192.4046310403852,0.0
452,ISIC_0012298,0.2,0.8404,134.10973004586145,1.0
453,ISIC_0012309,0.25,1.0598,177.30632862947877,0.0
454,ISIC_0012311,0.21,1.062,163.7178275330887,0.0
455,ISIC_0012318,0.19,0.481,333.99317169964723,0.0
456,ISIC_0012332,0.1,1.0008,516.3372779622592,0.0
457,ISIC_0012333,0.21,0.7762,321.51668904516924,0.0
458,ISIC_0012334,0.15,0.8384,274.31171162925165,0.0
459,ISIC_0012348,0.23,0.9398,299.22824720048567,1.0
460,ISIC_0012359,0.14,0.9906,183.62089049594547,0.0
461,ISIC_0012363,0.16,0.0733,140.2521642048387,0.0
462,ISIC_0012390,0.26,0.8352,454.75005809019854,0.0
463,ISIC_0012406,0.07,0.8584,196.8649779967686,0.0
464,ISIC_0012413,0.08,0.9943,271.6073294609305,0.0
465,ISIC_0012416,0.21,1.1178,135.86894691288927,0.0
466,ISIC_0012433,0.18,1.092,383.7455511908133,0.0
467,ISIC_0012459,0.07,1.5371,141.85368563771306,0.0
468,ISIC_0012460,0.09,1.5656,185.8730097533431,0.0
469,ISIC_0012464,0.12,1.4161,1698.108550310467,0.0
470,ISIC_0012473,0.26,0.9864,180.75496655441225,0.0
471,ISIC_0012481,0.08,0.4003,178.03679138676935,0.0
472,ISIC_0012506,0.08,1.1397,148.9965138411571,0.0
473,ISIC_0012511,0.21,1.3138,227.8787555138784,0.0
474,ISIC_0012521,0.15,0.8084,233.6254027405652,0.0
475,ISIC_0012526,0.08,0.7774,332.8642625298589,0.0
476,ISIC_0012529,0.09,1.0452,205.24678208611653,0.0
477,ISIC_0012539,0.08,1.1603,169.80196954230234,0.0
478,ISIC_0012544,0.09,2.5648,172.8285680809311,0.0
479,ISIC_0012653,0.18,1.0818,882.9674772352738,0.0
480,ISIC_0012655,0.1,1.9522,234.43439721604,0.0
481,ISIC_0012657,0.05,0.7937,279.0760578061545,0.0
482,ISIC_0012659,0.14,2.1162,169.00747024756603,0.0
483,ISIC_0012664,0.1,0.6852,307.6687225855438,0.0
484,ISIC_0012665,0.12,1.1791,325.5511817887918,0.0
485,ISIC_0012679,0.14,2.3064,568.1581995538648,0.0
486,ISIC_0012680,0.12,1.292,608.8441917527294,0.0
487,ISIC_0012681,0.15,1.3129,223.03401050622705,0.0
488,ISIC_0012690,0.16,0.7957,228.84925217046847,0.0
489,ISIC_0012692,0.1,1.1167,329.36461927644183,0.0
490,ISIC_0012693,0.15,1.2518,285.8011893155008,0.0
491,ISIC_0012697,0.2,1.6997,135.24311005136124,0.0
492,ISIC_0012704,0.09,0.9883,130.14325055762893,0.0
493,ISIC_0012709,0.33,0.5023,1006.2753523892892,0.0
494,ISIC_0012710,0.14,1.3849,149.49364602979878,0.0
495,ISIC_0012711,0.13,1.7823,103.75658595729128,0.0
496,ISIC_0012713,0.17,0.3733,93.69786960374356,0.0
497,ISIC_0012715,0.24,0.7946,168.879318826331,1.0
498,ISIC_0012719,0.12,0.5445,148.3676428503991,0.0
499,ISIC_0012725,0.09,1.5502,115.1916572082804,0.0
500,ISIC_0012726,0.15,1.8955,118.37237273784346,0.0
501,ISIC_0012735,0.14,1.2502,263.8571966417639,0.0
502,ISIC_0012737,0.11,1.0013,231.38856355612413,0.0
503,ISIC_0012739,0.08,2.2146,162.57135895094905,0.0
504,ISIC_0012741,0.08,1.2797,300.8051407040579,0.0
505,ISIC_0012742,0.24,1.2121,152.25354937377807,0.0
506,ISIC_0012744,0.11,1.7111,98.90944319717283,0.0
507,ISIC_0012770,0.12,1.4549,177.66408005699736,0.0
508,ISIC_0012772,0.14,0.7992,326.9076812372127,0.0
509,ISIC_0012777,0.06,1.3322,131.28207294166685,0.0
510,ISIC_0012785,0.15,1.254,288.2519268408837,0.0
511,ISIC_0012787,0.18,1.0206,432.49183470263273,0.0
512,ISIC_0012788,0.18,1.1364,559.1135189283324,0.0
513,ISIC_0012789,0.13,0.1591,964.4495012403972,0.0
514,ISIC_0012790,0.19,1.2462,253.92958693272803,0.0
515,ISIC_0012806,0.12,1.2003,191.14161805002095,0.0
516,ISIC_0012810,0.17,0.1247,190.38202130516493,0.0
517,ISIC_0012814,0.24,0.8269,442.8572380596407,0.0
518,ISIC_0012826,0.1,0.6269,269.19193905334726,0.0
519,ISIC_0012827,0.17,1.0311,431.7130893466192,0.0
520,ISIC_0012828,0.25,0.9173,373.5650182499292,0.0
521,ISIC_0012833,0.12,1.2075,167.67221008360602,0.0
522,ISIC_0012835,0.14,1.246,389.1673961893018,0.0
523,ISIC_0012851,0.15,1.0616,129.10004035164582,0.0
524,ISIC_0012855,0.18,0.9066,687.9260091249234,0.0
525,ISIC_0012856,0.18,0.8632,318.50838887107324,0.0
526,ISIC_0012871,0.11,1.2383,183.69265200199297,0.0
527,ISIC_0012879,0.17,0.9313,324.23736948032087,0.0
528,ISIC_0012880,0.07,0.1854,212.3105517046143,0.0
529,ISIC_0012883,0.12,1.2927,231.8434837660935,0.0
530,ISIC_0012888,0.08,1.0869,443.91443851369286,0.0
531,ISIC_0012889,0.15,0.9632,203.2982831491157,0.0
532,ISIC_0012897,0.17,1.1316,135.52696398568756,0.0
533,ISIC_0012898,0.13,1.3535,180.79337656083683,0.0
534,ISIC_0012901,0.12,0.8997,306.71042376926795,0.0
535,ISIC_0012905,0.2,1.4847,437.1768831332867,0.0
536,ISIC_0012911,0.16,1.008,188.6436641397679,0.0
537,ISIC_0012930,0.26,0.7618,303.4473552420102,1.0
538,ISIC_0012932,0.34,0.9712,307.7453409581333,0.0
539,ISIC_0012940,0.24,1.1358,225.15526742563725,0.0
540,ISIC_0012945,0.15,0.5469,401.28808343217565,0.0
541,ISIC_0012949,0.13,1.2316,144.14386772743032,0.0
542,ISIC_0012950,0.11,1.0212,272.1546740460938,0.0
543,ISIC_0012952,0.3,0.6593,317.57810374000456,0.0
544,ISIC_0012970,0.13,1.2124,946.4807500596396,0.0
545,ISIC_0012976,0.11,1.2742,98.87268307660786,0.0
546,ISIC_0012981,0.22,0.1675,244.4599872018565,0.0
547,ISIC_0012982,0.13,1.2936,195.74777278761007,0.0
548,ISIC_0012986,0.07,1.1944,285.10418421861976,0.0
549,ISIC_0012987,0.27,0.7583,323.5400315806626,0.0
550,ISIC_0012998,0.1,1.327,382.49417172763947,0.0
551,ISIC_0013014,0.17,1.9039,466.90540562272287,0.0
552,ISIC_0013015,0.17,0.879,150.57113553493164,0.0
553,ISIC_0013023,0.12,1.2628,225.25867798924128,0.0
554,ISIC_0013024,0.09,1.484,1916.0938455953165,0.0
555,ISIC_0013031,0.2,1.1649,133.9570162814397,0.0
556,ISIC_0013033,0.27,0.5154,241.0821845481727,0.0
557,ISIC_0013034,0.16,1.1353,276.7243158032243,0.0
558,ISIC_0013037,0.11,1.0112,144.76270466596748,0.0
559,ISIC_0013040,0.18,0.7253,180.86215845063748,0.0
560,ISIC_0013044,0.15,1.1455,310.95279845592273,0.0
561,ISIC_0013052,0.1,1.4755,85.2857378191502,0.0
562,ISIC_0013053,0.15,1.0987,369.63862708778953,0.0
563,ISIC_0013054,0.18,1.3849,428.08161026970106,0.0
564,ISIC_0013055,0.19,1.8802,166.24346128780678,0.0
565,ISIC_0013056,0.18,1.132,202.76471085566232,0.0
566,ISIC_0013059,0.12,1.0398,343.3678476050681,0.0
567,ISIC_0013063,0.1,1.2022,263.8630716312152,0.0
568,ISIC_0013065,0.24,0.296,308.6865291052756,0.0
569,ISIC_0013071,0.08,1.0085,52.09268221791009,0.0
570,ISIC_0013084,0.19,1.0006,890.8128975397636,0.0
571,ISIC_0013088,0.2,1.1774,195.7611577940916,0.0
572,ISIC_0013089,0.12,1.2699,261.41171602438453,0.0
573,ISIC_0013090,0.11,0.8449,89.89426418721712,0.0
574,ISIC_0013097,0.08,0.8787,178.1633112030363,0.0
575,ISIC_0013114,0.08,1.2962,451.6488653366154,0.0
576,ISIC_0013120,0.15,1.2975,362.8930948688748,0.0
577,ISIC_0013126,0.2,1.1418,283.7355833957748,0.0
578,ISIC_0013129,0.05,1.3044,228.3708409122357,0.0
579,ISIC_0013134,0.17,1.2843,308.0734137812858,0.0
580,ISIC_0013155,0.14,2.1855,183.27156192079568,0.0
581,ISIC_0013163,0.1,0.2815,225.45388113202196,0.0
582,ISIC_0013165,0.34,0.7786,217.67136069849616,0.0
583,ISIC_0013172,0.27,0.8515,474.3114257861632,0.0
584,ISIC_0013173,0.07,1.2477,473.8864473294784,0.0
585,ISIC_0013174,0.1,0.8924,158.92177239786312,0.0
586,ISIC_0013177,0.08,1.2015,569.8312708921111,0.0
587,ISIC_0013178,0.27,0.7292,189.28341484053104,0.0
588,ISIC_0013187,0.16,0.6646,221.62528786717448,0.0
589,ISIC_0013192,0.09,1.7246,380.2199459505681,0.0
590,ISIC_0013196,0.11,1.4786,162.25509812101282,0.0
591,ISIC_0013197,0.15,1.5664,178.52248635214903,0.0
592,ISIC_0013200,0.17,0.9364,132.80284540433397,0.0
593,ISIC_0013201,0.12,1.2573,130.8705797396977,0.0
594,ISIC_0013205,0.11,1.2285,187.98166442141232,0.0
595,ISIC_0013207,0.2,1.2543,265.6369418432707,0.0
596,ISIC_0013208,0.2,1.3095,242.2780130293833,0.0
597,ISIC_0013212,0.17,1.1635,74.03291057841015,0.0
598,ISIC_0013217,0.11,0.4041,325.92392000830523,0.0
599,ISIC_0013219,0.13,1.1025,107.6660280639734,0.0
600,ISIC_0013220,0.17,0.7949,221.6995642718269,0.0
601,ISIC_0013223,0.08,0.7671,305.0452582923772,0.0
602,ISIC_0013224,0.16,1.1609,198.0151530788885,0.0
603,ISIC_0013227,0.12,0.9063,846.4094217704287,0.0
604,ISIC_0013229,0.15,0.7782,316.5133040705775,0.0
605,ISIC_0013238,0.15,0.6405,222.56441888854792,0.0
606,ISIC_0013248,0.09,0.9429,226.9226955018956,0.0
607,ISIC_0013249,0.11,1.2012,296.2650727540725,0.0
608,ISIC_0013268,0.11,1.1547,324.35745348892345,0.0
609,ISIC_0013275,0.05,1.9548,207.85200158160671,0.0
610,ISIC_0013287,0.12,0.8417,136.730161372251,0.0
611,ISIC_0013294,0.16,0.8599,252.47142280415915,0.0
612,ISIC_0013302,0.17,0.2597,96.72327986180808,0.0
613,ISIC_0013304,0.08,1.3808,163.69160823939342,0.0
614,ISIC_0013306,0.1,1.3508,863.2203800572057,0.0
615,ISIC_0013310,0.11,1.9229,909.652384930442,0.0
616,ISIC_0013314,0.11,1.0753,146.50637098673954,0.0
617,ISIC_0013315,0.07,1.2787,1417.536700263844,0.0
618,ISIC_0013316,0.09,0.6247,509.6679157510662,0.0
619,ISIC_0013329,0.06,1.2621,311.413476883876,0.0
620,ISIC_0013330,0.13,0.809,322.49699040785,0.0
621,ISIC_0013333,0.14,0.7843,350.59681680012665,0.0
622,ISIC_0013340,0.19,0.1082,108.2887829003926,0.0
623,ISIC_0013342,0.12,1.0808,212.99253956483403,0.0
624,ISIC_0013346,0.17,1.1285,135.84102236742226,0.0
625,ISIC_0013355,0.15,1.6416,224.6501800165014,0.0
626,ISIC_0013356,0.17,0.4752,136.81850448333256,0.0
627,ISIC_0013360,0.08,1.2041,354.3326153032816,0.0
628,ISIC_0013364,0.14,1.0783,220.80518902749395,0.0
629,ISIC_0013365,0.04,0.9135,195.4592036475718,1.0
630,ISIC_0013369,0.12,0.2674,245.39050457289545,0.0
631,ISIC_0013370,0.14,1.6096,200.4945662460515,0.0
632,ISIC_0013371,0.3,0.6274,149.48312353125746,0.0
633,ISIC_0013378,0.24,1.1826,170.71510021896844,0.0
634,ISIC_0013385,0.2,0.7466,381.4867767551153,0.0
635,ISIC_0013394,0.09,0.9292,227.27378103552476,0.0
636,ISIC_0013397,0.07,1.3463,228.2840364315972,0.0
637,ISIC_0013398,0.15,0.1506,214.21450507592124,0.0
638,ISIC_0013405,0.08,1.0008,54.66177248897903,0.0
639,ISIC_0013409,0.1,1.5083,297.52763420432035,0.0
640,ISIC_0013410,0.18,0.7536,62.243456743023046,0.0
641,ISIC_0013417,0.08,2.3297,168.32682697736706,0.0
642,ISIC_0013428,0.17,0.6058,319.7438547088225,0.0
643,ISIC_0013429,0.07,0.7921,318.36117925425725,1.0
644,ISIC_0013433,0.07,1.0551,398.4102644540765,0.0
645,ISIC_0013438,0.09,0.761,161.76324106805933,0.0
646,ISIC_0013456,0.22,0.4329,233.9096079892406,0.0
647,ISIC_0013458,0.09,0.9512,224.16259681112228,0.0
648,ISIC_0013516,0.07,1.3316,154.19924297044224,0.0
649,ISIC_0013517,0.2,1.7673,239.11065978190587,0.0
650,ISIC_0013530,0.08,1.1822,335.86693048273,1.0
651,ISIC_0013567,0.1,1.3303,281.7522303431418,1.0
652,ISIC_0013568,0.23,0.7678,214.21605754751923,0.0
653,ISIC_0013580,0.11,1.4184,166.32870009842233,0.0
654,ISIC_0013581,0.32,0.9403,64.36092977444774,1.0
655,ISIC_0013584,0.15,1.1579,223.1314716654309,0.0
656,ISIC_0013585,0.2,0.4663,273.91889124133854,0.0
657,ISIC_0013592,0.13,1.5673,178.03179288180215,0.0
658,ISIC_0013610,0.15,0.7671,419.7365827799155,1.0
659,ISIC_0013634,0.08,1.2117,261.56064064977033,1.0
660,ISIC_0013635,0.11,0.729,514.4169604230193,0.0
661,ISIC_0013643,0.13,0.8859,242.21882371863052,0.0
662,ISIC_0013652,0.22,0.9434,111.641818812259,1.0
663,ISIC_0013656,0.06,2.8754,304.2324715991004,0.0
664,ISIC_0013664,0.27,0.0628,98.30472575769508,0.0
665,ISIC_0013667,0.16,0.6144,395.8839260925237,0.0
666,ISIC_0013674,0.31,0.9706,304.92420612167274,1.0
667,ISIC_0013675,0.15,0.8492,165.15048124058276,0.0
668,ISIC_0013687,0.15,1.4021,174.75454674670618,0.0
669,ISIC_0013688,0.28,0.8319,137.939168655372,0.0
670,ISIC_0013689,0.13,1.3774,141.5810253065441,0.0
671,ISIC_0013690,0.12,1.3763,180.140307792381,0.0
672,ISIC_0013691,0.13,0.7602,213.9827230877668,0.0
673,ISIC_0013695,0.3,0.7682,229.5389280595947,0.0
674,ISIC_0013706,0.18,1.0265,275.04544750650786,0.0
675,ISIC_0013707,0.27,1.0289,271.6122167934504,0.0
676,ISIC_0013712,0.05,0.9499,155.86864165021913,0.0
677,ISIC_0013713,0.1,0.8817,203.56385871734437,0.0
678,ISIC_0013737,0.09,1.3262,192.8081885288274,0.0
679,ISIC_0013758,0.3,1.079,468.569759848964,0.0
680,ISIC_0013782,0.19,0.7646,184.79427023067504,0.0
681,ISIC_0013789,0.17,1.1632,203.84938080516443,0.0
682,ISIC_0013792,0.06,1.282,321.35224657384225,0.0
683,ISIC_0013795,0.18,1.3383,193.92235279243104,0.0
684,ISIC_0013796,0.18,2.1163,122.59866292928142,0.0
685,ISIC_0013797,0.1,0.6999,577.4049426975915,0.0
686,ISIC_0013798,0.15,1.2648,155.68591010515175,0.0
687,ISIC_0013799,0.15,0.3744,373.06653450610446,0.0
688,ISIC_0013800,0.11,0.6179,374.3494954198764,0.0
689,ISIC_0013801,0.27,0.1304,280.41258450487663,0.0
690,ISIC_0013802,0.17,1.5885,177.29743238193183,0.0
691,ISIC_0013803,0.18,0.8054,106.1795787590765,0.0
692,ISIC_0013804,0.12,1.6254,175.4723170614316,0.0
693,ISIC_0013805,0.11,1.5302,271.02044110731595,0.0
694,ISIC_0013806,0.08,1.1968,83.66250609626505,0.0
695,ISIC_0013807,0.07,2.1151,200.92165688250364,0.0
696,ISIC_0013808,0.21,0.1358,208.36017297248125,0.0
697,ISIC_0013815,0.1,0.6603,254.0548321757626,1.0
698,ISIC_0013830,0.12,1.6664,149.0629471521478,0.0
699,ISIC_0013831,0.2,0.9124,220.53405760049336,1.0
700,ISIC_0013835,0.18,1.2223,164.32038673681348,0.0
701,ISIC_0013836,0.1,1.5392,252.45312880230932,0.0
702,ISIC_0013837,0.11,2.3015,187.3874591775826,0.0
703,ISIC_0013839,0.12,1.7085,56.74427856047904,1.0
704,ISIC_0013841,0.12,0.6757,251.32976914797877,0.0
705,ISIC_0013865,0.14,0.7057,472.08846897566747,1.0
706,ISIC_0013876,0.07,0.2594,331.8195785938069,0.0
707,ISIC_0013879,0.12,1.4761,76.23689787320058,0.0
708,ISIC_0013886,0.16,0.3087,319.0644947593298,0.0
709,ISIC_0013888,0.16,1.1047,361.6870713309449,0.0
710,ISIC_0013896,0.26,0.6665,358.1938453125136,0.0
711,ISIC_0013927,0.1,0.605,152.69230968327489,0.0
712,ISIC_0013935,0.1,0.2375,128.67331773469292,0.0
713,ISIC_0013958,0.26,0.8978,1458.9692475608445,0.0
714,ISIC_0013961,0.14,1.3477,489.29994918575926,0.0
715,ISIC_0013962,0.11,1.7536,280.95796069395465,0.0
716,ISIC_0013965,0.05,1.2533,266.5670462210469,0.0
717,ISIC_0013967,0.08,0.7602,279.40681793239725,0.0
718,ISIC_0013969,0.28,0.8597,168.1017208805897,1.0
719,ISIC_0013970,0.14,1.3986,59.23866446333648,0.0
720,ISIC_0013971,0.11,0.4391,177.74675228300563,0.0
721,ISIC_0013975,0.16,1.1583,852.7447490614726,1.0
722,ISIC_0013980,0.18,1.017,187.32839334339155,0.0
723,ISIC_0013981,0.15,1.1614,192.27686549187436,0.0
724,ISIC_0013982,0.1,1.286,296.2123557707611,0.0
725,ISIC_0013986,0.19,1.2511,158.32942577957195,1.0
726,ISIC_0013996,0.2,1.0972,176.66267499775998,0.0
727,ISIC_0014001,0.11,0.7276,120.93677480857632,0.0
728,ISIC_0014028,0.27,1.2407,519.2752909548135,0.0
729,ISIC_0014029,0.23,0.7705,228.660600293866,0.0
730,ISIC_0014031,0.27,0.4049,241.61221205554148,0.0
731,ISIC_0014044,0.09,1.2957,74.64100951897558,1.0
732,ISIC_0014046,0.15,1.2176,225.16396000351253,0.0
733,ISIC_0014061,0.2,0.7115,160.14408605728917,1.0
734,ISIC_0014062,0.19,0.5789,123.73281654800785,1.0
735,ISIC_0014069,0.1,1.36,191.37327546184775,0.0
736,ISIC_0014083,0.11,1.485,271.19637217995654,0.0
737,ISIC_0014088,0.25,0.6853,282.3610589064122,1.0
738,ISIC_0014089,0.17,0.2142,227.4820640600525,0.0
739,ISIC_0014092,0.16,1.2952,241.66635205208104,1.0
740,ISIC_0014093,0.12,1.0103,167.32566842361143,0.0
741,ISIC_0014094,0.11,0.3913,92.86942181551042,0.0
742,ISIC_0014099,0.22,0.07,373.4870415947575,1.0
743,ISIC_0014120,0.29,0.6166,276.67084949065924,0.0
744,ISIC_0014136,0.15,0.7571,1129.6837073314562,1.0
745,ISIC_0014149,0.19,1.1835,208.817080311506,0.0
746,ISIC_0014158,0.07,0.322,183.16227299806624,0.0
747,ISIC_0014174,0.06,1.3579,323.291780040978,0.0
748,ISIC_0014185,0.1,0.819,190.1060299038455,0.0
749,ISIC_0014187,0.18,1.1899,183.74506980714708,1.0
750,ISIC_0014190,0.3,0.0439,204.5892298756229,1.0
751,ISIC_0014195,0.13,1.2273,213.80605985664127,0.0
752,ISIC_0014197,0.16,0.7165,343.30245387898754,0.0
753,ISIC_0014225,0.17,0.1396,168.5698537222306,0.0
754,ISIC_0014229,0.06,1.1361,310.5838618191129,1.0
755,ISIC_0014238,0.1,0.848,179.35001413737038,1.0
756,ISIC_0014248,0.18,0.1591,136.81259415786045,0.0
757,ISIC_0014253,0.14,1.1787,166.17204069718682,0.0
758,ISIC_0014286,0.13,1.1809,173.1297068917714,0.0
759,ISIC_0014290,0.1,0.9857,304.9078137255576,1.0
760,ISIC_0014299,0.1,1.3651,187.6917649976223,0.0
761,ISIC_0014308,0.13,0.7702,165.57527143313033,1.0
762,ISIC_0014316,0.18,0.5678,195.12593960867648,1.0
763,ISIC_0014325,0.15,0.5877,363.3565052919228,1.0
764,ISIC_0014327,0.19,0.9615,370.1463286214944,1.0
765,ISIC_0014328,0.33,0.8602,169.4131771483375,0.0
766,ISIC_0014331,0.17,1.0943,195.3535903760235,1.0
767,ISIC_0014341,0.09,0.768,692.6301281308021,0.0
768,ISIC_0014365,0.12,0.767,504.0668761453626,0.0
769,ISIC_0014366,0.22,0.5375,332.84719406371545,1.0
770,ISIC_0014393,0.06,1.39,360.8195730860281,0.0
771,ISIC_0014397,0.13,0.7824,930.0636615956496,0.0
772,ISIC_0014410,0.17,0.8604,739.1609434914171,0.0
773,ISIC_0014422,0.23,0.4079,275.6480653078221,1.0
774,ISIC_0014430,0.18,0.6321,471.6621088322639,0.0
775,ISIC_0014431,0.09,1.5377,164.42963627661274,0.0
776,ISIC_0014432,0.21,1.3996,360.7604343215276,0.0
777,ISIC_0014440,0.16,2.5262,233.5507003025958,0.0
778,ISIC_0014441,0.14,0.994,111.06517483745232,0.0
779,ISIC_0014458,0.1,0.9017,275.9559413646867,0.0
780,ISIC_0014469,0.05,0.9394,248.7017200339109,0.0
781,ISIC_0014475,0.24,0.2269,323.85107100988097,0.0
782,ISIC_0014486,0.16,0.796,214.60170700041567,1.0
783,ISIC_0014490,0.15,0.2377,92.24810093674203,0.0
784,ISIC_0014498,0.15,1.107,162.8150382238971,0.0
785,ISIC_0014501,0.21,0.6063,320.765212056373,1.0
786,ISIC_0014511,0.22,1.1418,206.1151858718985,0.0
787,ISIC_0014515,0.11,0.7541,192.42010749280743,0.0
788,ISIC_0014522,0.15,0.8379,316.9709853166792,0.0
789,ISIC_0014526,0.12,0.8559,214.1371091168396,0.0
790,ISIC_0014529,0.07,1.9487,143.40100900122937,0.0
791,ISIC_0014535,0.09,0.9601,190.08222337272665,0.0
792,ISIC_0014543,0.2,0.5586,224.6104473243224,1.0
793,ISIC_0014545,0.05,0.9643,364.5681815929634,1.0
794,ISIC_0014547,0.12,1.4572,91.05305088055916,0.0
795,ISIC_0014554,0.13,0.6783,135.76937658178994,0.0
796,ISIC_0014573,0.28,0.1226,915.8434700970992,0.0
797,ISIC_0014576,0.1,0.6054,2182.0324312844477,0.0
798,ISIC_0014577,0.13,0.5742,972.8137408227212,0.0
799,ISIC_0014578,0.37,0.6625,1874.761025535255,0.0
800,ISIC_0014585,0.12,0.7528,516.3552231282605,0.0
801,ISIC_0014594,0.07,0.8445,1385.2860856917914,0.0
802,ISIC_0014595,0.1,0.727,890.5048138311981,0.0
803,ISIC_0014596,0.15,0.9675,726.2330516538059,0.0
804,ISIC_0014598,0.36,0.8499,697.2448413489719,0.0
805,ISIC_0014630,0.21,0.8239,913.0254665326272,0.0
806,ISIC_0014632,0.2,1.4003,1112.566203727434,0.0
807,ISIC_0014640,0.18,0.6955,1003.5357216671669,0.0
808,ISIC_0014641,0.11,0.8072,727.8262892725689,0.0
809,ISIC_0014642,0.19,0.6616,805.4524246122909,0.0
810,ISIC_0014650,0.17,0.7499,848.5075305953534,0.0
811,ISIC_0014651,0.15,0.7516,783.3074569235474,0.0
812,ISIC_0014654,0.2,0.1328,958.9519306209436,0.0
813,ISIC_0014661,0.13,0.9232,2522.897706834879,0.0
814,ISIC_0014665,0.22,0.8906,1024.1674761650308,0.0
815,ISIC_0014682,0.18,0.6866,1412.3946739103696,0.0
816,ISIC_0014684,0.15,0.3549,2214.608777437158,0.0
817,ISIC_0014696,0.11,0.6228,3963.694612238252,0.0
818,ISIC_0014699,0.14,1.0765,1033.9853242848767,0.0
819,ISIC_0014702,0.14,1.2131,429.4088527748061,0.0
820,ISIC_0014722,0.16,0.5782,1793.503543627099,1.0
821,ISIC_0014726,0.13,0.8398,2059.228314103657,0.0
822,ISIC_0014735,0.13,0.9924,3069.906171982446,1.0
823,ISIC_0014763,0.16,0.9639,2845.410995898329,0.0
824,ISIC_0014769,0.1,0.7475,1439.5201736916506,0.0
825,ISIC_0014778,0.14,0.8563,1237.344109942903,0.0
826,ISIC_0014782,0.15,0.6771,1491.8685843597034,0.0
827,ISIC_0014785,0.23,0.5229,2233.845166189861,0.0
828,ISIC_0014791,0.08,1.2471,4386.859175408179,0.0
829,ISIC_0014793,0.19,0.5524,1672.243166781995,0.0
830,ISIC_0014794,0.14,0.1124,2104.16422920581,0.0
831,ISIC_0014797,0.09,0.4078,565.4480387451592,0.0
832,ISIC_0014804,0.07,0.8113,1958.8991633286332,0.0
833,ISIC_0014808,0.13,0.6576,3777.7827427967945,0.0
834,ISIC_0014811,0.1,0.6801,1262.1172614709235,0.0
835,ISIC_0014812,0.14,0.7279,1490.19559984807,0.0
836,ISIC_0014819,0.18,0.6221,1121.7723098992813,0.0
837,ISIC_0014836,0.1,0.1226,3931.409030119864,0.0
838,ISIC_0014845,0.1,0.7435,2190.275215309572,0.0
839,ISIC_0014846,0.09,0.6278,4795.4099332968135,0.0
840,ISIC_0014849,0.14,0.5297,659.9497529857748,0.0
841,ISIC_0014866,0.15,0.5962,1566.9169603557723,0.0
842,ISIC_0014903,0.29,0.5201,1821.279852953264,0.0
843,ISIC_0014904,0.15,0.6051,647.966023949625,0.0
844,ISIC_0014911,0.05,1.3881,3555.3016134910554,0.0
845,ISIC_0014915,0.14,0.4866,3186.394449560656,0.0
846,ISIC_0014920,0.17,0.927,3638.0821713228743,1.0
847,ISIC_0014933,0.08,0.9006,2075.9433154801004,0.0
848,ISIC_0014987,0.16,0.5553,936.4898245802866,1.0
849,ISIC_0015005,0.17,0.8744,651.2994180690591,1.0
850,ISIC_0015006,0.08,0.8087,1312.736464542666,0.0
851,ISIC_0015032,0.14,0.6835,2815.6386655538504,0.0
852,ISIC_0015044,0.13,0.7091,2366.60864864085,0.0
853,ISIC_0015082,0.16,0.6173,1368.810311757598,1.0
854,ISIC_0015113,0.04,0.8682,3001.942878550932,0.0
855,ISIC_0015158,0.14,0.8515,1299.1983459336182,0.0
856,ISIC_0015170,0.13,0.5363,1770.1836674338265,0.0
857,ISIC_0015260,0.22,0.6316,3330.6407176030266,0.0
0,ISIC_0000003,0.11,0.9815,3673.7212773191936,0.0
1,ISIC_0000004,0.15,1.1541,7789.189186418495,1.0
2,ISIC_0000012,0.14,0.9734,616.1435222861357,0.0
3,ISIC_0000014,0.26,0.759,901.1563618542796,0.0
4,ISIC_0000015,0.14,0.6773,1740.0654049110651,0.0
5,ISIC_0000018,0.19,0.6699,936.7301943684076,0.0
6,ISIC_0000024,0.08,1.2965,274.4184093162408,0.0
7,ISIC_0000028,0.24,0.7495,2594.5076588325137,0.0
8,ISIC_0000031,0.14,1.0707,2889.341787558277,1.0
9,ISIC_0000036,0.14,1.0089,6713.005300142148,1.0
10,ISIC_0000037,0.26,0.6114,3639.650014024988,0.0
11,ISIC_0000042,0.1,1.0669,2505.895637917999,0.0
12,ISIC_0000043,0.14,1.0183,5267.480345110941,1.0
13,ISIC_0000044,0.12,0.8644,4892.149646451388,0.0
14,ISIC_0000045,0.06,0.889,6372.388459384109,0.0
15,ISIC_0000047,0.16,0.833,2079.0392986824045,0.0
16,ISIC_0000050,0.13,0.9792,555.55694384938,0.0
17,ISIC_0000051,0.28,0.5431,1408.527865352813,0.0
18,ISIC_0000071,0.15,1.0888,5955.509017189885,0.0
19,ISIC_0000072,0.11,1.1361,3406.406815196751,0.0
20,ISIC_0000074,0.25,0.6634,3106.005841244741,1.0
21,ISIC_0000077,0.11,1.3305,2476.993488906175,1.0
22,ISIC_0000078,0.19,0.7997,1480.2816431877684,1.0
23,ISIC_0000157,0.09,1.1843,2104.2034246177304,1.0
24,ISIC_0000160,0.28,1.1857,4015.5308093645567,1.0
25,ISIC_0000161,0.18,0.9277,5901.764589537005,1.0
26,ISIC_0000162,0.13,1.1832,1948.817394954808,1.0
27,ISIC_0000163,0.28,1.0575,2906.6935226210967,1.0
28,ISIC_0000164,0.17,0.9192,2152.801218796621,1.0
29,ISIC_0000165,0.25,0.6679,2190.004752874123,1.0
30,ISIC_0000167,0.18,0.9637,1739.069999710565,1.0
31,ISIC_0000169,0.13,0.8844,3019.960348971233,1.0
32,ISIC_0000171,0.13,0.9404,3590.8081348164865,1.0
33,ISIC_0000177,0.12,1.2791,2018.0254789412868,0.0
34,ISIC_0000179,0.17,0.4771,1392.785162663616,0.0
35,ISIC_0000182,0.04,1.2804,1867.1242062962372,0.0
36,ISIC_0000186,0.06,1.2511,926.9059808662278,0.0
37,ISIC_0000188,0.14,1.7267,1572.1667412997674,0.0
38,ISIC_0000189,0.1,1.324,1861.273102018046,0.0
39,ISIC_0000191,0.15,1.3037,2114.7665732589794,0.0
40,ISIC_0000198,0.05,1.1808,2300.973983869919,0.0
41,ISIC_0000199,0.07,0.9387,4264.18996965401,0.0
42,ISIC_0000201,0.11,1.1441,3507.455186247176,0.0
43,ISIC_0000204,0.09,1.2651,5779.055612194953,0.0
44,ISIC_0000205,0.12,1.2682,3639.064999174159,0.0
45,ISIC_0000207,0.16,1.7185,2017.769286548235,0.0
46,ISIC_0000208,0.13,1.578,1982.3861689814864,0.0
47,ISIC_0000214,0.26,0.8159,4281.890536841524,0.0
48,ISIC_0000215,0.11,1.33,3215.1995469734143,0.0
49,ISIC_0000216,0.07,0.897,3300.521689447229,0.0
50,ISIC_0000217,0.14,1.0733,2785.9952917546484,0.0
51,ISIC_0000218,0.14,1.2372,1908.712343553137,0.0
52,ISIC_0000219,0.2,1.0141,1913.7658494123773,0.0
53,ISIC_0000226,0.1,1.2356,3176.236650489946,0.0
54,ISIC_0000229,0.24,0.7981,4092.4508689533686,0.0
55,ISIC_0000232,0.07,0.9629,2509.8383624822604,0.0
56,ISIC_0000234,0.06,1.2755,2283.7140159503847,0.0
57,ISIC_0000236,0.12,0.8353,3844.151932017396,0.0
58,ISIC_0000237,0.12,1.0846,2449.377913409646,0.0
59,ISIC_0000242,0.24,0.6361,2090.5255523930978,0.0
60,ISIC_0000243,0.1,0.7654,1627.0431851478197,0.0
61,ISIC_0000244,0.15,0.6604,1239.9655206715106,0.0
62,ISIC_0000245,0.13,1.4222,415.4445679923595,0.0
63,ISIC_0000247,0.07,1.4373,1571.218538194849,0.0
64,ISIC_0000250,0.15,1.2749,1499.133907766233,0.0
65,ISIC_0000252,0.13,0.7601,3794.776443966173,0.0
66,ISIC_0000256,0.13,0.9043,990.60369607288,0.0
67,ISIC_0000258,0.14,1.2561,1362.5590031601328,0.0
68,ISIC_0000260,0.11,0.8522,1010.2496331159676,0.0
69,ISIC_0000269,0.05,0.9887,3586.870905415999,0.0
70,ISIC_0000276,0.13,0.9046,5790.8364339014,1.0
71,ISIC_0000277,0.08,1.1582,4158.059806847264,1.0
72,ISIC_0000281,0.11,1.1486,6347.295893282368,1.0
73,ISIC_0000283,0.14,0.6901,7049.93216868446,1.0
74,ISIC_0000285,0.11,1.466,1317.1792138699286,1.0
75,ISIC_0000289,0.17,1.0342,3177.051392157998,1.0
76,ISIC_0000293,0.16,1.784,3361.0881954241527,1.0
77,ISIC_0000294,0.2,1.0732,952.0940799683289,1.0
78,ISIC_0000298,0.11,0.922,1259.7875614863945,1.0
79,ISIC_0000299,0.15,3.3312,1923.004160750522,1.0
80,ISIC_0000301,0.13,2.5809,1144.4532276733385,1.0
81,ISIC_0000303,0.13,2.7841,1232.6449010243707,1.0
82,ISIC_0000306,0.15,0.8431,1210.5800288464116,1.0
83,ISIC_0000313,0.14,1.2447,2276.931092355843,1.0
84,ISIC_0000319,0.18,1.3269,2230.7027455872326,0.0
85,ISIC_0000320,0.11,1.5204,2360.648136860589,0.0
86,ISIC_0000321,0.1,1.396,2305.569454164369,0.0
87,ISIC_0000322,0.18,0.9995,1451.9642134933144,0.0
88,ISIC_0000323,0.09,1.1498,1574.6430350501844,0.0
89,ISIC_0000324,0.09,1.3921,1386.7978051421408,0.0
90,ISIC_0000325,0.15,1.0448,3409.8615724079536,0.0
91,ISIC_0000327,0.19,1.248,1796.0371997458203,0.0
92,ISIC_0000331,0.09,1.2497,1600.7177635580083,0.0
93,ISIC_0000332,0.12,0.9382,2196.790755947439,0.0
94,ISIC_0000338,0.21,0.9263,2994.6847781905017,0.0
95,ISIC_0000344,0.23,0.8461,977.707212802738,0.0
96,ISIC_0000345,0.15,1.9654,1263.726445417565,0.0
97,ISIC_0000358,0.08,1.3347,2087.9190087208576,0.0
98,ISIC_0000359,0.15,1.6631,2603.657489021543,0.0
99,ISIC_0000361,0.13,1.1694,2772.2919104860666,0.0
100,ISIC_0000364,0.09,0.9509,1679.8629455022212,0.0
101,ISIC_0000367,0.08,1.37,3098.9375023131324,0.0
102,ISIC_0000369,0.19,0.761,2221.5248156371254,0.0
103,ISIC_0000370,0.1,1.1849,2636.1894549923704,0.0
104,ISIC_0000374,0.13,0.8642,2668.58496395633,0.0
105,ISIC_0000882,0.13,1.2487,436.6320363308303,0.0
106,ISIC_0001100,0.24,0.9416,1373.791926416635,1.0
107,ISIC_0001103,0.17,1.072,572.7985949758005,1.0
108,ISIC_0001105,0.09,1.2168,550.9620550793408,1.0
109,ISIC_0001118,0.19,1.038,1689.4334814559882,1.0
110,ISIC_0001119,0.22,0.9619,699.8231736073527,1.0
111,ISIC_0001126,0.27,0.8226,348.4696689436457,1.0
112,ISIC_0001128,0.26,1.0869,790.5378741046246,1.0
113,ISIC_0001131,0.25,0.8529,8074.661902563433,1.0
114,ISIC_0001133,0.1,1.1369,6663.889007459099,1.0
115,ISIC_0001134,0.25,1.0608,513.8186665892191,1.0
116,ISIC_0001148,0.12,0.5035,612.2352447426997,1.0
117,ISIC_0001152,0.24,0.7563,1247.7912977312662,1.0
118,ISIC_0001960,0.19,0.2848,380.6765236133991,0.0
119,ISIC_0002093,0.23,0.6528,1414.2320394256176,0.0
120,ISIC_0002206,0.06,1.2957,318.259020700785,0.0
121,ISIC_0002246,0.12,1.1241,1510.061731121764,0.0
122,ISIC_0002251,0.24,1.1181,1542.3177907301686,0.0
123,ISIC_0002287,0.19,0.9289,639.681013888582,0.0
124,ISIC_0002353,0.13,1.3365,1000.5169082438928,0.0
125,ISIC_0002374,0.17,0.5931,1338.1789439809377,0.0
126,ISIC_0002438,0.07,0.5315,469.9603219521097,0.0
127,ISIC_0002439,0.1,0.5885,609.910099039642,0.0
128,ISIC_0002673,0.25,1.121,683.4212086774832,0.0
129,ISIC_0002806,0.22,0.4355,1027.634858336241,0.0
130,ISIC_0002829,0.11,1.2779,436.7095876597826,0.0
131,ISIC_0002836,0.12,1.1412,540.063706308691,0.0
132,ISIC_0002871,0.09,1.1518,1286.5725475484085,0.0
133,ISIC_0002879,0.21,1.2915,802.5841466190099,0.0
134,ISIC_0002885,0.09,1.1844,784.8717955706176,0.0
135,ISIC_0003051,0.08,1.0178,486.4797285421348,0.0
136,ISIC_0003056,0.16,1.0395,1795.9252822291764,0.0
137,ISIC_0003174,0.1,1.3148,1193.3416575466665,0.0
138,ISIC_0003308,0.27,1.0929,759.353383914642,0.0
139,ISIC_0003346,0.2,0.5776,1624.4034965927349,0.0
140,ISIC_0003728,0.08,0.6195,1653.6220433373594,0.0
141,ISIC_0004110,0.23,1.2585,916.9476072212874,0.0
142,ISIC_0004115,0.33,1.0355,759.6956171121083,0.0
143,ISIC_0004346,0.12,1.2725,576.5816930261126,0.0
144,ISIC_0004715,0.08,1.5266,295.38478962232034,0.0
145,ISIC_0004985,0.24,1.1451,2053.147345492921,0.0
146,ISIC_0005548,0.21,0.5697,959.0423732545116,0.0
147,ISIC_0005555,0.18,1.028,1015.4434038879912,0.0
148,ISIC_0005620,0.12,1.1403,941.81541308135,0.0
149,ISIC_0005787,0.14,1.0749,1086.6225001655189,0.0
150,ISIC_0006114,0.15,0.5775,970.2320949493233,0.0
151,ISIC_0006193,0.09,1.2376,479.01799181278767,0.0
152,ISIC_0006326,0.18,1.1734,554.5324261194181,0.0
153,ISIC_0006350,0.17,1.1184,885.3529743031016,0.0
154,ISIC_0006711,0.16,1.2378,1700.0417204862852,0.0
155,ISIC_0006776,0.08,1.2718,1031.7203858251726,0.0
156,ISIC_0006795,0.12,1.3849,667.5751895443759,0.0
157,ISIC_0006800,0.1,0.6323,684.4448034674655,0.0
158,ISIC_0006940,0.12,1.1384,1496.478339606074,0.0
159,ISIC_0007038,0.19,0.9584,490.8695047500817,0.0
160,ISIC_0007322,0.15,1.204,2539.1795216146247,0.0
161,ISIC_0007475,0.15,1.1072,1025.5254010504514,0.0
162,ISIC_0007557,0.18,1.2866,833.3516854023313,0.0
163,ISIC_0008116,0.22,1.1658,611.4638642606523,0.0
164,ISIC_0008236,0.22,0.7392,268.3201853846658,0.0
165,ISIC_0008280,0.09,0.9471,1895.6460961478856,0.0
166,ISIC_0008294,0.27,1.085,715.5689931434423,0.0
167,ISIC_0008347,0.22,1.1008,1361.6506507863696,0.0
168,ISIC_0008396,0.07,1.3036,288.53606301236385,0.0
169,ISIC_0008403,0.07,1.2548,1179.438005603275,0.0
170,ISIC_0008528,0.24,0.8578,622.0115409286436,0.0
171,ISIC_0008541,0.15,0.6758,849.7485284008575,0.0
172,ISIC_0008552,0.13,0.777,1373.5862952115249,0.0
173,ISIC_0008659,0.2,0.918,216.3590306786804,0.0
174,ISIC_0008807,0.14,0.7303,349.7882009093402,0.0
175,ISIC_0008879,0.08,1.3269,623.8169863194876,0.0
176,ISIC_0008992,0.19,0.9082,981.3841632368692,0.0
177,ISIC_0008993,0.16,0.9915,162.9279766956685,0.0
178,ISIC_0008998,0.17,0.243,775.514654636633,0.0
179,ISIC_0009035,0.07,1.1601,758.6137898072285,0.0
180,ISIC_0009078,0.09,0.9672,1323.4181644840198,0.0
181,ISIC_0009083,0.29,0.9966,2070.6663908761884,0.0
182,ISIC_0009160,0.1,1.236,307.17296824039295,0.0
183,ISIC_0009188,0.21,1.2151,633.3986970099176,0.0
184,ISIC_0009298,0.1,1.4303,978.9363454945818,0.0
185,ISIC_0009344,0.23,1.3071,826.3303424703707,0.0
186,ISIC_0009533,0.19,0.57,586.7295465947939,0.0
187,ISIC_0009583,0.33,1.0309,1115.4746387025857,0.0
188,ISIC_0009599,0.26,0.966,495.5200237362676,0.0
189,ISIC_0009758,0.18,1.2159,1391.14320148699,0.0
190,ISIC_0009871,0.17,1.1476,448.1521291761976,0.0
191,ISIC_0009874,0.24,0.9997,1077.964572122497,0.0
192,ISIC_0009885,0.09,0.9766,649.5238591099488,0.0
193,ISIC_0009895,0.16,1.291,1153.632139063266,0.0
194,ISIC_0009896,0.38,0.981,1222.8645808934791,0.0
195,ISIC_0009898,0.21,1.4054,955.8072583172046,1.0
196,ISIC_0009905,0.15,0.4798,1322.703259781968,1.0
197,ISIC_0009915,0.2,1.2261,975.8551446092904,0.0
198,ISIC_0009918,0.13,1.3561,1603.1122938866413,1.0
199,ISIC_0009920,0.12,1.2571,414.45300271459183,0.0
200,ISIC_0009921,0.16,1.2597,1125.6442219626138,0.0
201,ISIC_0009935,0.14,1.2169,532.7543821303019,0.0
202,ISIC_0009938,0.09,1.1668,234.1344695183608,0.0
203,ISIC_0009939,0.2,0.8,576.4462145566018,0.0
204,ISIC_0009940,0.17,0.6357,1246.4799366071572,0.0
205,ISIC_0009942,0.06,1.4192,861.4851928425456,0.0
206,ISIC_0009943,0.28,1.2306,295.1334179268602,0.0
207,ISIC_0009945,0.11,1.182,817.2737089895667,0.0
208,ISIC_0009946,0.09,1.1489,1706.6044844775945,0.0
209,ISIC_0009949,0.14,0.9698,2432.914206846124,0.0
210,ISIC_0009950,0.1,1.1541,809.1974665179401,1.0
211,ISIC_0009951,0.09,1.1335,134.62176748096547,0.0
212,ISIC_0009953,0.19,1.02,1952.5300353694904,0.0
213,ISIC_0009956,0.15,0.8999,1085.4374872842973,0.0
214,ISIC_0009958,0.09,1.3837,635.6169046289709,0.0
215,ISIC_0009962,0.32,1.3003,2813.461119761839,0.0
216,ISIC_0009965,0.2,1.0358,448.4580062556208,0.0
217,ISIC_0009966,0.12,0.9503,933.6577485630196,0.0
218,ISIC_0009969,0.12,0.7739,1826.4947162219376,0.0
219,ISIC_0009973,0.09,0.8385,1958.6363043244808,0.0
220,ISIC_0009974,0.06,1.4914,1673.5063148520603,0.0
221,ISIC_0009975,0.14,1.1345,1872.771513665816,0.0
222,ISIC_0009977,0.1,1.3741,436.2787562690535,0.0
223,ISIC_0009991,0.18,0.8539,1809.4831758599285,0.0
224,ISIC_0009994,0.31,0.8303,1542.8229977149888,0.0
225,ISIC_0009998,0.04,1.2644,2250.7027088952377,0.0
226,ISIC_0010002,0.18,1.2411,523.8589885882435,0.0
227,ISIC_0010003,0.14,1.0746,782.264236444421,0.0
228,ISIC_0010005,0.26,1.0317,1638.313444360104,0.0
229,ISIC_0010006,0.18,1.2247,1298.8689815802618,0.0
230,ISIC_0010011,0.16,1.217,294.1995185669065,1.0
231,ISIC_0010013,0.11,1.4022,1315.8797441792915,0.0
232,ISIC_0010014,0.14,1.3167,1435.5191245948106,0.0
233,ISIC_0010016,0.21,1.2778,736.8164942455373,1.0
234,ISIC_0010017,0.13,1.3872,1417.1314228535448,0.0
235,ISIC_0010018,0.14,0.9377,1676.3830978065262,0.0
236,ISIC_0010020,0.15,1.1361,784.1204963962327,0.0
237,ISIC_0010021,0.12,1.2725,2213.1232203031886,0.0
238,ISIC_0010024,0.21,1.3006,266.4962533140502,1.0
239,ISIC_0010025,0.2,1.1353,1490.724761795893,0.0
240,ISIC_0010032,0.16,0.62,1073.0760629883473,0.0
241,ISIC_0010036,0.18,0.5656,644.6945291755354,1.0
242,ISIC_0010040,0.23,1.1552,494.8980840830211,0.0
243,ISIC_0010042,0.14,1.315,232.55574374052176,0.0
244,ISIC_0010043,0.2,1.2318,530.3883056735929,0.0
245,ISIC_0010047,0.3,1.2274,914.6423087757728,0.0
246,ISIC_0010064,0.15,0.7187,330.88992696651854,0.0
247,ISIC_0010066,0.2,0.773,1238.3832458826903,0.0
248,ISIC_0010067,0.24,0.8697,636.4831310687624,1.0
249,ISIC_0010070,0.18,1.1439,2437.1269730929403,0.0
250,ISIC_0010077,0.08,0.9064,518.7123486264777,0.0
251,ISIC_0010078,0.15,1.3448,2079.6130334246445,0.0
252,ISIC_0010081,0.11,1.2939,435.57412167428106,1.0
253,ISIC_0010092,0.08,0.924,803.0793195429784,0.0
254,ISIC_0010102,0.13,1.219,422.19176442696806,0.0
255,ISIC_0010104,0.14,0.7356,531.1406342423802,0.0
256,ISIC_0010170,0.21,0.708,870.9102143862151,0.0
257,ISIC_0010171,0.11,1.2863,390.6976332241249,1.0
258,ISIC_0010173,0.08,1.1916,313.35348745814355,0.0
259,ISIC_0010174,0.12,1.3887,523.5701604123084,1.0
260,ISIC_0010176,0.15,0.8515,1189.0643236403212,0.0
261,ISIC_0010178,0.12,1.0235,548.2590309027677,0.0
262,ISIC_0010185,0.2,0.6408,209.12747219232983,0.0
263,ISIC_0010191,0.32,0.8533,989.8442612036498,0.0
264,ISIC_0010192,0.15,1.1581,1465.2332221635436,0.0
265,ISIC_0010194,0.13,1.2211,907.4703041361328,1.0
266,ISIC_0010201,0.15,1.1225,1715.6550120362106,0.0
267,ISIC_0010202,0.18,3.7571,2299.0210289801694,0.0
268,ISIC_0010205,0.08,1.0281,2061.115401438654,0.0
269,ISIC_0010206,0.15,1.0052,1165.9682735001352,0.0
270,ISIC_0010207,0.16,0.7055,592.2506329585998,1.0
271,ISIC_0010212,0.16,0.6632,1683.2188517658522,0.0
272,ISIC_0010213,0.1,1.5452,1254.288006352601,0.0
273,ISIC_0010216,0.09,1.4483,798.0917211816601,0.0
274,ISIC_0010222,0.19,1.491,981.2786426193464,0.0
275,ISIC_0010234,0.13,1.089,587.8763272272912,0.0
276,ISIC_0010241,0.1,0.8777,419.5714746583385,1.0
277,ISIC_0010246,0.23,0.551,255.1822771959119,0.0
278,ISIC_0010249,0.12,1.0851,722.083532868498,0.0
279,ISIC_0010318,0.18,0.7906,670.978389686263,0.0
280,ISIC_0010320,0.16,1.2143,2701.157317384384,0.0
281,ISIC_0010329,0.18,3.8393,2200.2853007639483,1.0
282,ISIC_0010330,0.22,0.4078,535.8585126577336,0.0
283,ISIC_0010332,0.2,1.1698,1007.501070337281,0.0
284,ISIC_0010333,0.2,1.3968,1380.3898704103412,0.0
285,ISIC_0010334,0.13,0.6159,2125.570146295879,0.0
286,ISIC_0010340,0.32,0.7006,1498.871720617505,0.0
287,ISIC_0010341,0.24,1.2458,1713.2784607478404,0.0
288,ISIC_0010342,0.23,0.9765,1910.0853168897693,0.0
289,ISIC_0010346,0.04,1.2349,766.1108052294576,0.0
290,ISIC_0010348,0.2,1.4781,490.27909933205615,0.0
291,ISIC_0010356,0.08,1.2303,287.10645884474366,0.0
292,ISIC_0010357,0.14,1.2162,379.12023094742494,0.0
293,ISIC_0010358,0.12,1.175,886.865323615321,1.0
294,ISIC_0010360,0.21,1.2564,522.1194890467914,1.0
295,ISIC_0010362,0.19,0.9969,903.5110187798746,0.0
296,ISIC_0010364,0.25,0.7679,733.0543816628915,1.0
297,ISIC_0010368,0.24,0.9669,1271.909012121709,0.0
298,ISIC_0010371,0.23,0.5516,722.921571123666,0.0
299,ISIC_0010372,0.14,0.485,274.23317043673813,1.0
300,ISIC_0010374,0.15,0.7998,2380.159913293684,0.0
301,ISIC_0010379,0.15,1.2951,959.3762905187676,1.0
302,ISIC_0010441,0.06,1.7457,325.6884302312573,1.0
303,ISIC_0010452,0.15,0.6873,1464.1106424223242,0.0
304,ISIC_0010463,0.26,0.9816,2436.9145550968424,0.0
305,ISIC_0010465,0.31,0.776,1334.405297114625,0.0
306,ISIC_0010466,0.13,0.7341,381.1872713277957,1.0
307,ISIC_0010467,0.13,1.2037,500.72100328202833,0.0
308,ISIC_0010483,0.18,0.6903,589.6137927808568,0.0
309,ISIC_0010487,0.24,0.6775,436.5967439850699,0.0
310,ISIC_0010488,0.14,1.0738,341.62106387342624,0.0
311,ISIC_0010492,0.14,2.3801,1376.308439234167,0.0
312,ISIC_0010494,0.19,1.2801,2801.2467439521934,0.0
313,ISIC_0010497,0.11,1.6945,601.8119417200596,0.0
314,ISIC_0010498,0.07,1.2929,958.7528374911136,0.0
315,ISIC_0010552,0.2,0.6589,1193.2799092150497,0.0
316,ISIC_0010553,0.26,0.6985,1680.4158725878235,0.0
317,ISIC_0010558,0.18,0.6811,965.7969472031436,0.0
318,ISIC_0010562,0.08,1.6438,532.3558519069679,0.0
319,ISIC_0010565,0.09,1.2229,163.3623487945674,0.0
320,ISIC_0010569,0.15,0.9405,169.1899382448744,0.0
321,ISIC_0010573,0.18,1.2776,744.6113661204089,0.0
322,ISIC_0010574,0.2,1.1066,387.2285051894822,0.0
323,ISIC_0010575,0.09,0.8986,1320.4779466580233,0.0
324,ISIC_0010582,0.14,0.6302,818.5356292307339,0.0
325,ISIC_0010585,0.08,1.0203,1234.0364570683907,0.0
326,ISIC_0010587,0.23,0.9454,1531.2115416224551,1.0
327,ISIC_0010588,0.16,2.1791,1192.5566055228812,0.0
328,ISIC_0010589,0.14,1.3713,993.8483371585928,0.0
329,ISIC_0010591,0.16,0.5172,485.02526504316097,1.0
330,ISIC_0010592,0.15,1.0367,382.3506720885436,0.0
331,ISIC_0010593,0.08,1.3806,502.5924132818593,0.0
332,ISIC_0010595,0.12,1.1472,1659.1456298968578,0.0
333,ISIC_0010596,0.14,1.6329,1201.4204502119828,1.0
334,ISIC_0010599,0.16,0.6309,687.4864065560488,0.0
335,ISIC_0010602,0.18,1.1294,932.5853243730826,0.0
336,ISIC_0010603,0.33,1.5881,924.5000886762822,0.0
337,ISIC_0010606,0.15,0.8089,1999.3072560168605,0.0
338,ISIC_0010607,0.15,0.8203,863.9382679758611,0.0
339,ISIC_0010844,0.12,1.0621,783.651437987303,0.0
340,ISIC_0010846,0.07,1.2344,323.0935388860621,0.0
341,ISIC_0010847,0.12,1.493,1670.3202271438715,0.0
342,ISIC_0010848,0.11,1.322,243.66416838606747,0.0
343,ISIC_0010850,0.07,1.237,752.5542576273461,0.0
344,ISIC_0010853,0.21,0.8566,694.0303675025654,0.0
345,ISIC_0010854,0.15,1.218,173.7618525508997,0.0
346,ISIC_0010860,0.15,0.948,1576.800897339489,1.0
347,ISIC_0010863,0.15,0.5705,1188.9582280456586,1.0
348,ISIC_0011088,0.19,1.187,311.2435461146575,0.0
349,ISIC_0011089,0.1,1.3851,281.9724446735059,0.0
350,ISIC_0011090,0.14,1.5233,367.495050690976,0.0
351,ISIC_0011095,0.21,1.0721,1017.0020951949252,1.0
352,ISIC_0011097,0.16,0.7926,507.6285664303027,0.0
353,ISIC_0011098,0.23,1.163,1325.8883608212227,0.0
354,ISIC_0011099,0.32,0.8752,693.4224031599421,1.0
355,ISIC_0011101,0.06,1.1626,2302.60557441514,0.0
356,ISIC_0011110,0.15,0.9642,1126.4546219936476,0.0
357,ISIC_0011112,0.12,1.2288,2937.9647679696554,1.0
358,ISIC_0011114,0.11,1.2274,581.1889407713065,0.0
359,ISIC_0011115,0.11,0.9561,478.74350788455126,0.0
360,ISIC_0011117,0.15,1.2407,120.58485325580924,0.0
361,ISIC_0011118,0.17,0.6512,317.0058580928482,1.0
362,ISIC_0011119,0.15,0.9805,739.4840258939475,0.0
363,ISIC_0011121,0.17,4.7509,1418.5011024352552,1.0
364,ISIC_0011124,0.15,0.7902,1313.1317085170565,0.0
365,ISIC_0011126,0.23,1.2166,4335.688787598264,1.0
366,ISIC_0011130,0.22,0.5832,335.51860764227627,1.0
367,ISIC_0011131,0.18,0.5484,794.0713516414794,0.0
368,ISIC_0011132,0.08,1.162,343.09470245033407,1.0
369,ISIC_0011136,0.17,1.2296,312.4712235112322,1.0
370,ISIC_0011137,0.21,0.8447,1137.9155387169894,1.0
371,ISIC_0011143,0.15,1.1415,240.3671132870701,0.0
372,ISIC_0011144,0.19,1.0419,1581.7998852598278,0.0
373,ISIC_0011145,0.06,1.3438,355.8371716489639,0.0
374,ISIC_0011146,0.1,1.231,387.0895023677592,0.0
375,ISIC_0011155,0.18,1.1704,680.1066066444944,0.0
376,ISIC_0011158,0.09,1.5109,811.2749710564785,1.0
377,ISIC_0011159,0.17,1.1719,1016.9315945040956,0.0
378,ISIC_0011161,0.19,1.0031,571.5071617959154,1.0
379,ISIC_0011165,0.14,1.0461,1890.678327996211,0.0
380,ISIC_0011169,0.28,1.1488,1073.504213674271,1.0
381,ISIC_0011170,0.2,1.1104,1302.329215936077,0.0
382,ISIC_0011177,0.08,0.6468,1040.109704222973,0.0
383,ISIC_0011210,0.15,1.2374,852.7686211171732,1.0
384,ISIC_0011217,0.08,1.3769,568.0249836884877,0.0
385,ISIC_0011223,0.16,1.0191,499.0485997408534,0.0
386,ISIC_0011224,0.27,1.0514,592.4725521400004,0.0
387,ISIC_0011227,0.11,1.3545,534.5422160363256,0.0
388,ISIC_0011294,0.27,0.5287,1341.0316917786422,0.0
389,ISIC_0011305,0.27,0.5766,715.1266814451201,1.0
390,ISIC_0011306,0.3,0.6728,453.1428736494316,0.0
391,ISIC_0011310,0.11,1.358,509.2134003645683,0.0
392,ISIC_0011315,0.15,1.0841,388.2265383156558,1.0
393,ISIC_0011326,0.35,1.0188,253.59393165327648,0.0
394,ISIC_0011333,0.18,0.7527,2984.0446575555925,0.0
395,ISIC_0011336,0.12,0.7475,414.2122426343324,0.0
396,ISIC_0011338,0.21,1.0775,912.824987716062,0.0
397,ISIC_0011345,0.21,0.5726,752.0590556182887,0.0
398,ISIC_0011347,0.19,2.2043,548.3496009797232,0.0
399,ISIC_0011348,0.12,1.2725,538.6074904229081,1.0
400,ISIC_0011349,0.15,1.1188,1183.6644860132003,1.0
401,ISIC_0011353,0.11,0.8691,478.9175052168744,0.0
402,ISIC_0011361,0.23,1.4237,1927.297599422016,0.0
403,ISIC_0011363,0.14,1.1395,2369.0008525093403,0.0
404,ISIC_0011366,0.12,1.1466,710.2196032020829,1.0
405,ISIC_0011372,0.14,0.7991,916.2182923619404,0.0
406,ISIC_0011382,0.15,0.7377,2339.2835859613097,0.0
407,ISIC_0011384,0.18,0.5831,1151.453687144462,0.0
408,ISIC_0011386,0.08,1.4026,1523.8633154003576,0.0
409,ISIC_0011402,0.2,1.5254,1539.531857875333,0.0
410,ISIC_0012102,0.18,1.2837,257.7761188235084,0.0
411,ISIC_0012103,0.09,0.8101,668.7616775713404,0.0
412,ISIC_0012108,0.11,0.8147,506.9008644504131,0.0
413,ISIC_0012117,0.2,0.5896,571.3694694875518,0.0
414,ISIC_0012137,0.19,1.0218,465.3717443494057,1.0
415,ISIC_0012148,0.31,0.6024,419.2273065430666,0.0
416,ISIC_0012155,0.13,1.4615,183.3136495139803,0.0
417,ISIC_0012170,0.14,1.2526,217.8836826226296,0.0
418,ISIC_0012179,0.22,0.2113,1614.1791920943176,0.0
419,ISIC_0012182,0.13,1.1596,169.73983925151165,0.0
420,ISIC_0012187,0.14,0.8994,809.0967769255391,0.0
421,ISIC_0012203,0.13,1.2327,443.021867458092,0.0
422,ISIC_0012205,0.18,0.8351,366.0603899634406,0.0
423,ISIC_0012208,0.11,1.4301,181.481466658266,1.0
424,ISIC_0012213,0.18,1.986,161.02830010510465,0.0
425,ISIC_0012217,0.22,0.4288,439.2030781127594,0.0
426,ISIC_0012230,0.14,1.1593,143.63980996405004,0.0
427,ISIC_0012232,0.23,1.3288,193.58531098018847,0.0
428,ISIC_0012245,0.07,1.1067,309.185647172107,0.0
429,ISIC_0012253,0.2,0.7114,69.1957005652227,0.0
430,ISIC_0012257,0.14,0.6555,178.98272945322142,0.0
431,ISIC_0012259,0.21,0.732,133.38736284066235,0.0
432,ISIC_0012260,0.11,0.8683,391.638184036084,0.0
433,ISIC_0012263,0.21,1.3085,174.11078577383356,0.0
434,ISIC_0012268,0.26,0.217,397.5672351175321,0.0
435,ISIC_0012271,0.15,1.1474,486.3483621626721,0.0
436,ISIC_0012274,0.31,0.6203,315.25047551173685,0.0
437,ISIC_0012278,0.12,0.446,429.2134280432163,0.0
438,ISIC_0012281,0.15,0.3606,123.02819444961952,0.0
439,ISIC_0012282,0.19,0.7819,99.96711867680638,0.0
440,ISIC_0012284,0.18,0.5961,1007.0059254523808,0.0
441,ISIC_0012290,0.13,0.6025,605.5743747501914,1.0
442,ISIC_0012294,0.2,1.0224,225.4737742182268,0.0
443,ISIC_0012299,0.11,0.6943,253.41057779119663,0.0
444,ISIC_0012303,0.12,1.5917,199.9064833468702,0.0
445,ISIC_0012320,0.17,0.848,329.18633006457435,0.0
446,ISIC_0012322,0.14,0.8126,423.5220962749069,0.0
447,ISIC_0012324,0.12,0.805,686.3519484955083,0.0
448,ISIC_0012325,0.26,1.2432,90.98843336608768,0.0
449,ISIC_0012329,0.08,1.1609,335.4721559644341,0.0
450,ISIC_0012338,0.16,1.2708,148.1287545715364,0.0
451,ISIC_0012339,0.25,0.5018,1049.8643830188205,0.0
452,ISIC_0012342,0.14,0.9294,452.8444673789442,0.0
453,ISIC_0012351,0.2,0.942,444.7262965676627,0.0
454,ISIC_0012360,0.2,0.7296,378.8874762510122,0.0
455,ISIC_0012374,0.33,0.5465,154.1335947748274,0.0
456,ISIC_0012376,0.23,1.4667,467.0858427958195,0.0
457,ISIC_0012377,0.11,1.2032,578.8707693930563,0.0
458,ISIC_0012378,0.29,1.4114,92.9894478922319,0.0
459,ISIC_0012379,0.08,1.2477,323.1334846637936,0.0
460,ISIC_0012381,0.18,1.0215,584.2125466216705,0.0
461,ISIC_0012382,0.07,0.7071,1031.544817734576,1.0
462,ISIC_0012384,0.11,0.921,270.5516974996672,0.0
463,ISIC_0012386,0.12,1.2299,270.27213446572085,0.0
464,ISIC_0012391,0.19,0.2311,311.6542998220507,1.0
465,ISIC_0012397,0.15,0.7367,152.42505265363744,0.0
466,ISIC_0012415,0.14,1.4036,337.3962367456001,0.0
467,ISIC_0012435,0.09,1.1665,223.98165948638552,1.0
468,ISIC_0012442,0.05,0.8815,741.4375926331331,0.0
469,ISIC_0012445,0.15,0.3503,399.63429797987607,0.0
470,ISIC_0012450,0.27,1.0538,310.9375744210958,1.0
471,ISIC_0012452,0.18,0.8456,475.6080012689176,0.0
472,ISIC_0012453,0.18,0.945,85.87113958725679,0.0
473,ISIC_0012455,0.15,0.8532,429.6193731059903,0.0
474,ISIC_0012469,0.14,1.2184,708.9827655401631,0.0
475,ISIC_0012475,0.19,1.099,214.9278464555396,0.0
476,ISIC_0012478,0.11,0.7422,192.1224085781292,0.0
477,ISIC_0012487,0.17,0.1143,224.48923643085777,0.0
478,ISIC_0012489,0.13,1.0704,355.73599952166614,0.0
479,ISIC_0012494,0.13,1.0397,304.32899261422455,0.0
480,ISIC_0012495,0.17,1.1594,152.22963218802252,0.0
481,ISIC_0012496,0.16,1.0747,312.2692307038744,0.0
482,ISIC_0012501,0.12,1.1898,322.83378960314093,0.0
483,ISIC_0012503,0.12,0.6187,201.99019807953653,0.0
484,ISIC_0012508,0.21,0.8355,403.4442879435271,0.0
485,ISIC_0012512,0.31,0.8403,241.6227827466525,1.0
486,ISIC_0012516,0.13,0.7,402.931547866828,0.0
487,ISIC_0012517,0.12,1.1505,145.55988683949326,0.0
488,ISIC_0012518,0.35,1.1379,177.34849582290647,0.0
489,ISIC_0012520,0.17,0.6859,463.260211963651,0.0
490,ISIC_0012523,0.16,0.1821,140.27044507228365,0.0
491,ISIC_0012527,0.28,0.5991,133.7441561034468,0.0
492,ISIC_0012543,0.08,1.2714,258.99334166017417,0.0
493,ISIC_0012549,0.14,0.795,739.0726549314646,0.0
494,ISIC_0012550,0.25,0.7718,240.43602075163776,0.0
495,ISIC_0012658,0.15,0.8681,480.54712628175713,0.0
496,ISIC_0012661,0.14,1.2776,1252.8027004347932,0.0
497,ISIC_0012662,0.23,1.2391,298.9843769339772,0.0
498,ISIC_0012663,0.11,1.1323,281.2598967456854,0.0
499,ISIC_0012666,0.08,1.3013,352.8888806117474,0.0
500,ISIC_0012669,0.17,1.2382,169.4311749334289,0.0
501,ISIC_0012670,0.12,0.2469,2054.0265322912087,0.0
502,ISIC_0012671,0.14,0.1813,285.94937981873375,0.0
503,ISIC_0012672,0.28,0.8485,224.0928800133373,0.0
504,ISIC_0012673,0.28,0.8068,221.35984934156127,0.0
505,ISIC_0012674,0.26,0.6458,214.58226655776969,0.0
506,ISIC_0012675,0.15,1.0966,421.5883243565639,0.0
507,ISIC_0012676,0.1,1.4642,243.24459445641276,0.0
508,ISIC_0012677,0.11,1.2412,174.91982937919616,0.0
509,ISIC_0012678,0.14,0.6134,318.6839113114891,1.0
510,ISIC_0012682,0.11,1.5884,250.8577656503552,0.0
511,ISIC_0012683,0.12,4.0364,268.3278713905372,0.0
512,ISIC_0012685,0.1,1.1125,333.2682225707373,0.0
513,ISIC_0012696,0.12,1.3804,175.62092578613502,0.0
514,ISIC_0012699,0.06,0.9647,336.3439990380833,0.0
515,ISIC_0012700,0.12,0.2461,309.0265457238924,0.0
516,ISIC_0012701,0.15,0.7689,222.82987051626392,1.0
517,ISIC_0012702,0.09,1.2337,178.954272794988,0.0
518,ISIC_0012706,0.12,1.2308,185.4079885942428,0.0
519,ISIC_0012721,0.15,0.7206,368.5295682479311,0.0
520,ISIC_0012740,0.16,0.3302,132.81767984220812,0.0
521,ISIC_0012749,0.2,0.9581,2030.670874700848,1.0
522,ISIC_0012756,0.16,0.8809,529.518971975877,1.0
523,ISIC_0012768,0.15,1.0655,517.9350811248554,0.0
524,ISIC_0012773,0.19,0.8738,1049.0790675482608,0.0
525,ISIC_0012792,0.26,0.7618,625.175130904306,0.0
526,ISIC_0012793,0.3,1.2447,137.08370225923042,0.0
527,ISIC_0012800,0.21,1.1211,771.7790732016837,0.0
528,ISIC_0012804,0.19,1.1865,554.6891852498476,0.0
529,ISIC_0012811,0.07,0.6936,1610.969470810868,0.0
530,ISIC_0012813,0.12,1.2226,237.9330734007204,0.0
531,ISIC_0012823,0.13,1.3524,193.54432147378952,0.0
532,ISIC_0012840,0.17,0.6832,532.4378379529002,0.0
533,ISIC_0012844,0.23,0.7039,542.073074382502,0.0
534,ISIC_0012845,0.1,1.0271,880.2751977431953,0.0
535,ISIC_0012854,0.19,1.0143,551.9893020699407,0.0
536,ISIC_0012865,0.21,0.7213,306.0893243576434,0.0
537,ISIC_0012873,0.16,1.2479,322.05003629712564,0.0
538,ISIC_0012877,0.09,1.2079,191.3411002499482,0.0
539,ISIC_0012878,0.11,0.7836,197.5829322496204,0.0
540,ISIC_0012884,0.2,0.5886,189.1245848028174,0.0
541,ISIC_0012887,0.15,0.8937,266.6671480438632,1.0
542,ISIC_0012891,0.17,0.8192,379.2192443369845,0.0
543,ISIC_0012902,0.09,1.1704,165.50014761459374,0.0
544,ISIC_0012907,0.09,0.7838,353.4214012894524,0.0
545,ISIC_0012939,0.19,1.9666,212.62373945695376,0.0
546,ISIC_0012944,0.13,0.7191,359.452795472831,0.0
547,ISIC_0012957,0.11,1.2045,264.468113015789,0.0
548,ISIC_0012961,0.13,0.7067,439.7140011209099,0.0
549,ISIC_0012962,0.1,1.3908,445.8560030677913,0.0
550,ISIC_0012966,0.14,0.5166,4413.2286081131215,0.0
551,ISIC_0012969,0.19,1.1828,1113.4057853809966,0.0
552,ISIC_0012988,0.17,0.7901,248.6205388870408,1.0
553,ISIC_0012990,0.12,0.7759,230.52891593742083,1.0
554,ISIC_0012999,0.29,0.7973,690.9224195202382,0.0
555,ISIC_0013000,0.13,1.3506,281.96251742162855,0.0
556,ISIC_0013001,0.09,1.7065,396.2027149650834,0.0
557,ISIC_0013007,0.14,0.7824,474.0669594844674,0.0
558,ISIC_0013012,0.15,0.6625,154.34850070148784,0.0
559,ISIC_0013025,0.1,1.6865,482.9036355975307,0.0
560,ISIC_0013026,0.18,1.2355,599.4828896777731,0.0
561,ISIC_0013027,0.12,0.6545,421.0011941731721,0.0
562,ISIC_0013032,0.14,0.9109,333.3984504852352,0.0
563,ISIC_0013039,0.12,1.0217,409.17409822372247,0.0
564,ISIC_0013047,0.14,1.0558,784.0217032020211,0.0
565,ISIC_0013048,0.1,1.2593,214.42839351516145,0.0
566,ISIC_0013075,0.13,0.997,489.2370315495919,0.0
567,ISIC_0013079,0.1,1.1352,173.73388658345766,1.0
568,ISIC_0013080,0.08,1.2693,957.5846702610372,0.0
569,ISIC_0013086,0.07,0.9733,291.1442586237489,0.0
570,ISIC_0013087,0.08,0.3493,279.1922061627542,0.0
571,ISIC_0013092,0.24,1.1187,271.5076301807012,0.0
572,ISIC_0013094,0.19,1.292,198.9289696841272,0.0
573,ISIC_0013096,0.25,0.1314,437.2814484289104,0.0
574,ISIC_0013106,0.23,1.2206,425.386904326254,0.0
575,ISIC_0013112,0.11,0.861,497.68511444850697,0.0
576,ISIC_0013118,0.18,0.7637,252.0815905624587,0.0
577,ISIC_0013121,0.15,0.707,158.3433768375794,0.0
578,ISIC_0013124,0.08,1.2378,432.1654574661464,0.0
579,ISIC_0013136,0.07,1.3887,337.4118517916807,0.0
580,ISIC_0013140,0.1,0.8793,391.0529470943064,0.0
581,ISIC_0013141,0.08,1.2584,1229.4668433167296,1.0
582,ISIC_0013146,0.25,0.3713,317.1473269283136,0.0
583,ISIC_0013147,0.23,1.2311,440.591211434066,0.0
584,ISIC_0013150,0.09,1.4399,148.3640760738222,0.0
585,ISIC_0013160,0.19,1.1711,525.895548729941,0.0
586,ISIC_0013166,0.12,0.637,1054.2510485846108,0.0
587,ISIC_0013167,0.23,0.884,1284.823493803175,0.0
588,ISIC_0013181,0.17,1.3091,476.4230167286016,0.0
589,ISIC_0013184,0.17,0.687,553.0074377541442,1.0
590,ISIC_0013189,0.21,1.0364,478.3516250905103,0.0
591,ISIC_0013190,0.13,0.8602,428.2971008242012,0.0
592,ISIC_0013193,0.21,0.9385,253.3042081002386,0.0
593,ISIC_0013198,0.19,0.8747,426.2330177769415,1.0
594,ISIC_0013204,0.17,0.4178,267.0287086473617,0.0
595,ISIC_0013213,0.1,0.6544,245.99722024093748,0.0
596,ISIC_0013222,0.09,1.3139,527.5806361464983,0.0
597,ISIC_0013233,0.18,0.3031,208.58678241504165,0.0
598,ISIC_0013235,0.2,1.1674,295.1369322096568,0.0
599,ISIC_0013236,0.1,0.1497,348.24314811788554,0.0
600,ISIC_0013243,0.12,1.2878,345.77128629539067,0.0
601,ISIC_0013244,0.31,0.6986,589.5268352275908,0.0
602,ISIC_0013257,0.11,1.3395,302.2592114913272,0.0
603,ISIC_0013258,0.14,0.7739,433.75034265006025,1.0
604,ISIC_0013274,0.14,1.1056,277.07628127704135,0.0
605,ISIC_0013288,0.17,0.7496,246.71510033848412,0.0
606,ISIC_0013311,0.05,1.2853,526.77720553422,0.0
607,ISIC_0013320,0.07,0.7523,560.2867641207387,0.0
608,ISIC_0013326,0.11,1.1414,376.4602108122645,0.0
609,ISIC_0013334,0.11,1.2064,743.6825967805468,1.0
610,ISIC_0013335,0.1,0.6756,304.7764699159777,0.0
611,ISIC_0013341,0.11,1.2385,905.3997637488854,0.0
612,ISIC_0013359,0.11,1.1006,203.80136318997108,1.0
613,ISIC_0013383,0.09,1.8728,157.28417742998906,0.0
614,ISIC_0013390,0.08,1.1036,730.0717129159148,0.0
615,ISIC_0013395,0.11,1.0005,297.8519387672991,0.0
616,ISIC_0013400,0.15,1.1994,135.75485444350795,0.0
617,ISIC_0013403,0.12,1.0463,176.54013513446876,0.0
618,ISIC_0013423,0.11,1.1442,228.90859064526003,0.0
619,ISIC_0013424,0.02,1.3758,180.31674909327853,0.0
620,ISIC_0013425,0.2,0.8386,256.8092345557219,0.0
621,ISIC_0013427,0.16,0.7357,621.3040788545773,1.0
622,ISIC_0013430,0.11,0.8784,329.6060837678784,0.0
623,ISIC_0013432,0.18,1.1533,394.7232407887967,0.0
624,ISIC_0013434,0.23,0.2061,224.0939021706698,0.0
625,ISIC_0013437,0.13,0.6288,269.4376613863053,0.0
626,ISIC_0013443,0.05,1.172,608.3206176261893,0.0
627,ISIC_0013461,0.16,1.215,323.6698911868294,0.0
628,ISIC_0013474,0.19,0.0627,267.19580711373686,0.0
629,ISIC_0013480,0.14,1.1702,196.18563512537895,0.0
630,ISIC_0013486,0.16,0.7194,362.8787390538218,0.0
631,ISIC_0013487,0.35,0.3891,341.9485084824192,0.0
632,ISIC_0013488,0.08,1.5592,392.4434331465117,0.0
633,ISIC_0013489,0.21,0.8821,498.5803440128504,0.0
634,ISIC_0013490,0.27,0.6992,357.070821693284,1.0
635,ISIC_0013492,0.15,0.8331,265.22113956743016,0.0
636,ISIC_0013493,0.25,0.0695,206.7931723438261,0.0
637,ISIC_0013494,0.19,0.8984,249.9548807668857,0.0
638,ISIC_0013495,0.33,0.6347,305.9096552425412,0.0
639,ISIC_0013497,0.12,0.7153,191.20524429755127,1.0
640,ISIC_0013498,0.18,0.6656,345.0780163944761,0.0
641,ISIC_0013499,0.17,0.7214,336.010098537442,1.0
642,ISIC_0013500,0.22,0.9299,411.0352677149455,1.0
643,ISIC_0013523,0.15,1.0757,428.09516607042497,0.0
644,ISIC_0013525,0.37,0.5144,237.2388917314557,1.0
645,ISIC_0013526,0.15,0.62,278.9617432375462,0.0
646,ISIC_0013552,0.1,0.2785,646.6672962836209,0.0
647,ISIC_0013553,0.15,0.7174,532.7582033331473,0.0
648,ISIC_0013554,0.13,1.5725,414.0489259295619,0.0
649,ISIC_0013558,0.17,1.3086,531.5776878739838,0.0
650,ISIC_0013559,0.12,0.7499,524.4200059758027,0.0
651,ISIC_0013572,0.2,0.8833,131.41630782230516,1.0
652,ISIC_0013573,0.18,0.0686,661.4609219038526,1.0
653,ISIC_0013578,0.32,0.3189,198.8273808433436,1.0
654,ISIC_0013579,0.2,0.4776,180.54817189998388,1.0
655,ISIC_0013594,0.14,0.6022,625.0724814454155,1.0
656,ISIC_0013595,0.21,0.4546,158.87893917136898,0.0
657,ISIC_0013596,0.17,1.0875,188.74210441753027,0.0
658,ISIC_0013597,0.14,1.2914,150.86119368966084,0.0
659,ISIC_0013599,0.21,1.1339,184.2387525415364,0.0
660,ISIC_0013601,0.3,1.0008,258.7202720498271,0.0
661,ISIC_0013603,0.08,1.2519,228.3021422106493,0.0
662,ISIC_0013606,0.22,1.6253,296.0229555632793,1.0
663,ISIC_0013618,0.27,0.0397,260.1334388352679,1.0
664,ISIC_0013621,0.14,0.5329,210.74263772146523,0.0
665,ISIC_0013625,0.14,0.8963,166.8384519809256,0.0
666,ISIC_0013626,0.19,0.5869,630.7807327193799,1.0
667,ISIC_0013639,0.18,0.901,359.39687067654904,1.0
668,ISIC_0013670,0.15,0.3784,160.2152999645398,0.0
669,ISIC_0013671,0.13,0.7625,319.1592957376253,1.0
670,ISIC_0013672,0.27,0.8856,210.68424726831947,1.0
671,ISIC_0013676,0.11,0.9843,465.2610478889396,0.0
672,ISIC_0013680,0.15,1.56,182.45468850054831,0.0
673,ISIC_0013682,0.23,0.6381,320.6167288378479,0.0
674,ISIC_0013684,0.14,1.287,384.6965687569062,0.0
675,ISIC_0013685,0.16,2.091,437.1795659529504,0.0
676,ISIC_0013709,0.17,1.1172,371.6456133897735,0.0
677,ISIC_0013719,0.19,0.846,368.2390820217468,0.0
678,ISIC_0013721,0.11,1.1889,482.9907410503543,0.0
679,ISIC_0013725,0.1,1.1586,340.26146903921494,0.0
680,ISIC_0013731,0.21,0.8865,318.2437005192373,0.0
681,ISIC_0013740,0.13,1.1391,213.58833883931743,1.0
682,ISIC_0013742,0.09,1.9791,124.32312764404644,0.0
683,ISIC_0013747,0.08,1.1961,259.99651126031773,0.0
684,ISIC_0013748,0.11,0.7324,247.6531245378956,0.0
685,ISIC_0013749,0.13,0.8035,249.21437332839176,0.0
686,ISIC_0013762,0.38,0.6433,238.2228653320905,1.0
687,ISIC_0013765,0.14,1.0384,326.2468629173434,0.0
688,ISIC_0013772,0.12,1.043,283.6156600061386,0.0
689,ISIC_0013775,0.07,1.0731,390.1158729380271,1.0
690,ISIC_0013777,0.24,0.7948,142.8269314465537,1.0
691,ISIC_0013778,0.35,0.4214,325.0352334081709,0.0
692,ISIC_0013783,0.12,1.1844,211.1488856909507,1.0
693,ISIC_0013816,0.19,1.0918,343.10531721695764,0.0
694,ISIC_0013817,0.08,0.8058,289.74073507708783,0.0
695,ISIC_0013819,0.15,0.7443,448.9300821023255,0.0
696,ISIC_0013832,0.17,1.1351,272.9895159649809,1.0
697,ISIC_0013840,0.09,1.1402,366.7145545810069,1.0
698,ISIC_0013843,0.13,1.3454,314.9728978067197,0.0
699,ISIC_0013844,0.15,0.7098,162.64546232513158,1.0
700,ISIC_0013845,0.17,0.6417,95.97795331176174,1.0
701,ISIC_0013861,0.23,0.9342,217.08421282408244,1.0
702,ISIC_0013862,0.17,1.0548,155.8259268366633,0.0
703,ISIC_0013864,0.12,0.6773,283.3489268373483,0.0
704,ISIC_0013874,0.2,0.7488,618.9057271762669,1.0
705,ISIC_0013890,0.17,1.0838,518.9735980251511,0.0
706,ISIC_0013910,0.18,1.5203,391.582733891048,0.0
707,ISIC_0013918,0.13,1.0249,233.79096188355143,0.0
708,ISIC_0013921,0.28,0.9905,201.27744162607,0.0
709,ISIC_0013922,0.21,0.7099,194.7024232908799,0.0
710,ISIC_0013929,0.23,1.0007,262.1331531583158,0.0
711,ISIC_0013933,0.18,1.124,729.6110618000512,0.0
712,ISIC_0013936,0.13,1.3656,286.1756599693473,1.0
713,ISIC_0013942,0.13,1.2517,259.1043381810155,0.0
714,ISIC_0013946,0.22,0.9706,335.805573421421,0.0
715,ISIC_0013972,0.23,1.0222,130.4579175868157,1.0
716,ISIC_0013983,0.17,0.7388,296.8190120998586,0.0
717,ISIC_0013984,0.13,0.9035,1062.054579808728,1.0
718,ISIC_0013995,0.16,0.6767,195.52154627550203,1.0
719,ISIC_0013997,0.13,0.8629,217.6502846412808,1.0
720,ISIC_0014004,0.22,0.6124,1081.5294163775325,0.0
721,ISIC_0014013,0.1,0.5938,941.2006539222712,1.0
722,ISIC_0014026,0.14,0.983,201.79135589452804,0.0
723,ISIC_0014032,0.11,1.2121,184.73705353600243,0.0
724,ISIC_0014045,0.17,1.1027,182.38863455097635,0.0
725,ISIC_0014049,0.25,0.668,77.44834129505107,1.0
726,ISIC_0014066,0.25,0.6666,166.4768069131351,0.0
727,ISIC_0014072,0.13,1.2013,252.17400000082148,1.0
728,ISIC_0014073,0.22,0.0285,452.3917445034445,0.0
729,ISIC_0014074,0.14,1.1927,260.91433519954484,0.0
730,ISIC_0014076,0.13,0.6655,261.1173063297437,1.0
731,ISIC_0014079,0.2,0.6054,216.8081185930573,1.0
732,ISIC_0014080,0.2,0.7626,245.54679612252747,0.0
733,ISIC_0014081,0.33,0.9771,243.30733676086257,0.0
734,ISIC_0014082,0.29,1.0253,176.61327394747806,1.0
735,ISIC_0014108,0.2,0.89,236.96767690785285,1.0
736,ISIC_0014114,0.16,1.0474,1019.8394214515224,0.0
737,ISIC_0014127,0.29,0.6246,288.77123560401725,1.0
738,ISIC_0014131,0.2,1.4343,383.1809132000424,0.0
739,ISIC_0014132,0.07,1.1869,341.3174402174488,1.0
740,ISIC_0014133,0.09,0.8998,728.3925312274133,1.0
741,ISIC_0014144,0.16,0.9533,294.16347006152927,1.0
742,ISIC_0014150,0.11,0.8185,381.6956339845551,0.0
743,ISIC_0014151,0.2,0.978,264.2616204272447,1.0
744,ISIC_0014156,0.16,0.3025,501.5349496840941,1.0
745,ISIC_0014157,0.25,0.4965,225.55802585695224,1.0
746,ISIC_0014163,0.24,0.4206,245.19527830135857,1.0
747,ISIC_0014164,0.19,0.634,261.62733175656734,0.0
748,ISIC_0014166,0.17,0.0446,106.26620982888032,0.0
749,ISIC_0014169,0.06,1.2128,158.69777967601226,0.0
750,ISIC_0014171,0.3,1.0157,264.15985852916384,1.0
751,ISIC_0014173,0.13,0.0655,770.6878894520061,1.0
752,ISIC_0014179,0.12,0.6725,202.4951364258953,0.0
753,ISIC_0014183,0.26,0.9045,197.8663368013971,1.0
754,ISIC_0014189,0.16,0.7508,284.3222604923854,1.0
755,ISIC_0014191,0.19,0.9892,198.24882761373752,0.0
756,ISIC_0014216,0.19,0.767,852.2416892790471,0.0
757,ISIC_0014222,0.24,1.0269,256.82905937720653,1.0
758,ISIC_0014249,0.31,0.4684,313.5281945906602,1.0
759,ISIC_0014263,0.12,1.3617,188.66581299927017,0.0
760,ISIC_0014264,0.1,0.6176,135.66061531579217,0.0
761,ISIC_0014272,0.1,1.4395,219.7472104294386,0.0
762,ISIC_0014273,0.15,0.6324,180.7848774677784,0.0
763,ISIC_0014274,0.06,0.9495,336.56657226770403,0.0
764,ISIC_0014289,0.23,0.6906,1050.0765494745085,1.0
765,ISIC_0014291,0.16,1.171,248.0635117280499,1.0
766,ISIC_0014311,0.17,0.6863,371.1557040419412,0.0
767,ISIC_0014317,0.15,0.8294,284.1188994320448,0.0
768,ISIC_0014324,0.27,1.1388,238.48542113193733,1.0
769,ISIC_0014337,0.29,0.574,217.9200103981005,1.0
770,ISIC_0014346,0.14,0.9057,261.9810554975355,0.0
771,ISIC_0014347,0.27,1.0133,174.945349395555,1.0
772,ISIC_0014353,0.17,1.5977,258.92972551551856,0.0
773,ISIC_0014357,0.2,0.6768,127.21892492801578,1.0
774,ISIC_0014360,0.26,0.7293,193.30850960334192,1.0
775,ISIC_0014361,0.13,1.2653,599.3568365535101,1.0
776,ISIC_0014372,0.24,0.9588,443.37969636011377,1.0
777,ISIC_0014385,0.16,0.9208,283.92535706531424,1.0
778,ISIC_0014394,0.28,0.7558,494.9823322181803,0.0
779,ISIC_0014395,0.21,0.7174,256.80931047773424,1.0
780,ISIC_0014433,0.23,0.4964,175.03019276208252,0.0
781,ISIC_0014438,0.15,0.7126,253.9955003566056,0.0
782,ISIC_0014453,0.14,1.1357,188.2912250719935,0.0
783,ISIC_0014473,0.2,1.1203,265.50082566448435,0.0
784,ISIC_0014476,0.31,0.6025,288.03005749451114,1.0
785,ISIC_0014480,0.13,1.0881,167.59416999251903,1.0
786,ISIC_0014502,0.15,0.6884,109.35271098895474,0.0
787,ISIC_0014504,0.1,0.753,199.29215244445317,0.0
788,ISIC_0014507,0.2,0.7109,174.99085879613816,1.0
789,ISIC_0014516,0.06,1.0574,338.7902850669322,0.0
790,ISIC_0014518,0.13,1.1253,533.3521997615647,1.0
791,ISIC_0014525,0.25,1.1529,209.1223682411736,1.0
792,ISIC_0014527,0.12,1.1777,200.71167298138903,1.0
793,ISIC_0014537,0.12,1.1589,258.31592303607874,0.0
794,ISIC_0014557,0.35,0.7136,177.41226309234148,1.0
795,ISIC_0014569,0.17,0.6115,1151.425956703484,0.0
796,ISIC_0014570,0.2,0.0946,1346.9165517022016,0.0
797,ISIC_0014571,0.08,1.1307,1549.1087431472235,0.0
798,ISIC_0014579,0.35,0.7113,2860.397441290023,0.0
799,ISIC_0014580,0.26,0.8109,1808.744779490144,0.0
800,ISIC_0014581,0.23,1.1682,1607.8980026579363,0.0
801,ISIC_0014582,0.28,0.9615,1935.4810359062808,0.0
802,ISIC_0014583,0.11,0.2807,2089.0564708157326,0.0
803,ISIC_0014589,0.13,0.974,1239.7766536447757,0.0
804,ISIC_0014591,0.14,1.5558,871.1649458538683,0.0
805,ISIC_0014592,0.23,1.4574,961.4368681888108,0.0
806,ISIC_0014593,0.25,0.5704,2152.8600425630807,0.0
807,ISIC_0014599,0.15,0.6233,1877.078289370504,0.0
808,ISIC_0014602,0.2,1.1009,1537.8676823357594,0.0
809,ISIC_0014603,0.33,0.1283,1258.0995017523976,0.0
810,ISIC_0014605,0.29,0.497,1817.0274688716304,0.0
811,ISIC_0014606,0.09,0.7863,3854.175041186378,0.0
812,ISIC_0014607,0.24,0.798,1209.1938410986068,0.0
813,ISIC_0014609,0.17,0.7864,2185.664272704333,0.0
814,ISIC_0014612,0.27,0.6513,1091.6386075392677,0.0
815,ISIC_0014613,0.19,0.906,1221.2976404628355,0.0
816,ISIC_0014615,0.16,0.2275,858.5547476020291,0.0
817,ISIC_0014617,0.06,1.1701,1200.9327439920155,0.0
818,ISIC_0014621,0.23,0.9875,942.625527154193,0.0
819,ISIC_0014622,0.14,1.277,1214.8100144426655,0.0
820,ISIC_0014625,0.31,0.0944,843.2126836277293,0.0
821,ISIC_0014628,0.35,0.4148,920.3009026503256,0.0
822,ISIC_0014636,0.15,0.6221,994.4159232569192,0.0
823,ISIC_0014638,0.2,0.0969,908.0070354406184,0.0
824,ISIC_0014639,0.22,1.0605,812.9310352896586,0.0
825,ISIC_0014646,0.13,0.1529,1136.3359050519518,0.0
826,ISIC_0014657,0.15,0.9758,2657.13289543176,0.0
827,ISIC_0014658,0.13,0.6871,2598.8407544148627,0.0
828,ISIC_0014664,0.07,1.1245,3253.2256858812457,0.0
829,ISIC_0014667,0.06,0.7925,2903.578916216687,0.0
830,ISIC_0014680,0.12,0.5592,666.2685634597588,0.0
831,ISIC_0014683,0.14,0.6898,2031.848680381028,0.0
832,ISIC_0014685,0.13,1.0092,1022.4962538395466,0.0
833,ISIC_0014692,0.12,0.9984,1332.7352543569318,0.0
834,ISIC_0014694,0.15,0.6332,4175.576427582225,0.0
835,ISIC_0014711,0.12,0.611,2344.385586165368,0.0
836,ISIC_0014713,0.13,0.6609,1275.7921480236682,0.0
837,ISIC_0014715,0.12,0.5792,1644.7605258434326,0.0
838,ISIC_0014716,0.06,1.0893,3612.607850829064,0.0
839,ISIC_0014723,0.07,0.616,2012.785873069461,0.0
840,ISIC_0014724,0.18,0.6032,1771.2549967499565,0.0
841,ISIC_0014730,0.1,1.0688,1526.7562200433076,0.0
842,ISIC_0014731,0.1,0.1931,949.2185383456346,0.0
843,ISIC_0014745,0.16,0.7026,2792.251986962687,0.0
844,ISIC_0014754,0.05,0.7012,3066.123799545696,0.0
845,ISIC_0014762,0.21,1.3199,3698.184161727892,0.0
846,ISIC_0014770,0.11,1.0597,1775.107797977349,0.0
847,ISIC_0014771,0.24,0.5018,3713.938732686252,0.0
848,ISIC_0014775,0.18,0.9922,1907.149481577124,0.0
849,ISIC_0014783,0.19,0.5638,1188.269472007706,0.0
850,ISIC_0014795,0.18,0.5579,1838.6661606899925,1.0
851,ISIC_0014803,0.11,0.6511,2059.426915563481,0.0
852,ISIC_0014805,0.18,0.7355,1431.4241728723405,0.0
853,ISIC_0014806,0.13,0.5954,3228.092447462493,0.0
854,ISIC_0014821,0.09,0.6782,1573.418834389159,0.0
855,ISIC_0014825,0.1,0.6689,4327.2165281830485,0.0
856,ISIC_0014831,0.21,0.563,1164.1352590700064,0.0
857,ISIC_0014832,0.18,0.4615,1480.88273343558,1.0
858,ISIC_0014838,0.18,0.5159,2568.080025684113,0.0
859,ISIC_0014839,0.17,0.7082,806.1228830065514,0.0
860,ISIC_0014843,0.13,1.088,1633.7710226475854,0.0
861,ISIC_0014850,0.13,0.9862,422.55454826775946,0.0
862,ISIC_0014869,0.11,0.543,1666.367884988409,0.0
863,ISIC_0014891,0.13,0.635,2009.9612004454625,1.0
864,ISIC_0014898,0.16,0.5692,5470.626081599971,0.0
865,ISIC_0014908,0.2,1.1933,1755.634676159594,0.0
866,ISIC_0014913,0.15,0.5427,2676.70072388189,0.0
867,ISIC_0014926,0.08,0.6492,992.9207419793838,0.0
868,ISIC_0014929,0.12,1.0104,1531.989712230093,0.0
869,ISIC_0014930,0.13,0.6911,3359.986462138942,0.0
870,ISIC_0014975,0.17,0.9016,948.8648223763296,1.0
871,ISIC_0014983,0.14,0.6002,2226.3555351547934,1.0
872,ISIC_0015045,0.19,0.6156,2587.534652953408,1.0
873,ISIC_0015108,0.2,0.5287,2083.3161421958434,0.0
874,ISIC_0015109,0.15,0.5867,3754.342024076824,1.0
875,ISIC_0015110,0.26,0.3938,2063.600472096133,1.0
876,ISIC_0015112,0.11,0.6193,1622.8280112965003,0.0
877,ISIC_0015181,0.15,0.5297,498.5439273809136,0.0
878,ISIC_0015182,0.11,0.7324,2648.5598797086145,0.0
879,ISIC_0015189,0.11,0.6047,947.0625073971888,1.0
880,ISIC_0015190,0.17,0.5051,1525.700164000068,1.0
881,ISIC_0015204,0.11,0.6106,1065.7767533783851,1.0
882,ISIC_0015220,0.14,0.818,1663.83286662132,0.0
883,ISIC_0015233,0.15,1.0963,1779.4203766261028,0.0
884,ISIC_0015284,0.14,0.9986,2134.975112558293,1.0
885,ISIC_0015295,0.19,0.7362,2543.2511296424104,0.0
